Account Name,Domain
"Forbes Solicitors","forbessolicitors.co.uk"
"TLT LLP","tltsolicitors.com"
"Hill Dickinson LLP","hilldickinson.com"
"The Holley Holland Group","holleyholland.com"
"PizzaExpress","pizzaexpress.com"
"MSI Choices","mariestopes.org"
"Aster Group UK","aster.co.uk"
"Pendragon PLC","jobsatpendragongroup.co.uk"
"Falcon Brook","falconbrooksearch.com"
"Thames Water Utilities Limited","thameswater.co.uk"
"TRADE CONSULTING LTD","oxonit.com"
"GMI Construction Group PLC","gmiconstructiongroup.co.uk"
"Age UK","ageuk.org.uk"
"YouLend","youlend.com"
"Archant","archant.co.uk"
"HelpSystems","helpsystems.com"
"A.G. Barr","agbarr.co.uk"
"Lumos","wearelumos.org"
"Key Currency","keycurrency.co.uk"
"J & H Mitchell W.S.","jandhmitchell.com"
"Eric Wright Group Ltd","ericwright.co.uk"
"RMPA Services Plc","rmpaservices.com"
"Labour Party","labour.org.uk"
"The Air Law Firm LLP","theairlawfirm.com"
"Sanne","sannegroup.com"
"ADVANCE charity","advancecharity.org.uk"
"BARCAM GLAZING SERVICES LTD","-"
"Frimley Health NHS Foundation Trust","fhft.nhs.uk"
"Betolar Ltd","betolar.com"
"Mills & Reeve","mills-reeve.com"
"Dales Evans & Co","dalesevans.co.uk"
"Be Positive","be-positive.co.uk"
"Sendrig Construction Limited","sendrig.co.uk"
"Lifeplus Europe Ltd","lifeplus.com"
"The Pensions Ombudsman","pensions-ombudsman.org.uk"
"M Group Services","mgroupservices.com"
"Guy's and St Thomas'​ NHS Foundation Trust","guysandstthomas.nhs.uk"
"Joseph Rowntree Foundation (JRF)","jrf.org.uk"
"GSF Group","gsfcarparts.com"
"All Response Media","allresponsemedia.com"
"Albany","-"
"AM Gebiedsontwikkeling","am.nl"
"Cerebral Palsy Scotland","cerebralpalsyscotland.org.uk"
"Balfour Beatty VINCI","balfourbeattyvinci.co.uk"
"Osprey Group","ospreyltd.com"
"Kingdom Services Group Ltd","kingdom.co.uk"
"British Society for Haematology","b-s-h.org.uk"
"Dorset & Somerset Air Ambulance","dsairambulance.org.uk"
"St. George's Hospital Charity","stgeorgeshospitalcharity.org.uk"
"ISDM Solutions Ltd","isdmsolutions.com"
"Baily Garner LLP","bailygarner.co.uk"
"Addcom-IT","addcom-it.co.uk"
"Merson Group","mersongroup.com"
"Bausch + Lomb Ireland","bausch.com"
"Evolve Pensions","evolvepensions.co.uk"
"Barhale Ltd","barhale.co.uk"
"Verditek PLC","verditek.plc.uk"
"Iiyama Benelux B.V.","iiyama.com"
"Pharmaceutical Services Negotiating Committee","psnc.org.uk"
"TSG UK","tsg-solutions.com"
"LITASCO SA","litasco.com"
"Katharine House Hospice","khhospice.org.uk"
"Pyroguard","pyroguard.eu"
"Options Resourcing Limited","optionsresourcing.com"
"Harrogate and District NHS Foundation Trust","hdft.nhs.uk"
"Penguin Random House","penguinrandomhouse.com"
"Taylor & Francis Group","taylorandfrancis.com"
"The British Library","bl.uk"
"AirBorn Inc.","airborn.com"
"Hoare Lea","hoarelea.com"
"Admiral Slots","admiralslots.co.uk"
"MSC R & D","mscrnd.com"
"Barnsbury Housing Association","barnsbury.org"
"NUNEATON AND BEDWORTH COMMUNITY ENTERPRISES LIMITED","nabcel.co.uk"
"St. John's School and College","st-johns.co.uk"
"CFPro Ltd","cfpro.co.uk"
"Prima Group","primagroup.org"
"Ecoserv Group","ecoserv.group"
"East London NHS Foundation Trust","elft.nhs.uk"
"Tate","tate.org.uk"
"Beatson Institute","beatson.gla.ac.uk"
"OpenSesame","opensesame.com"
"HGF Limited","hgf.com"
"Milexia UK","milexia.uk"
"Women on Boards","womenonboards.net"
"Logos Logistics Ltd","logoslogistics.com"
"Shannon Valley Plant Hire","shannonvalley.ie"
"Core-Asset Consulting","core-asset.co.uk"
"Tilbury Douglas Construction","interserve.com"
"Samaritans","samaritans.org"
"Northumbria Healthcare NHS Foundation Trust","northumbria.nhs.uk"
"Societe Generale","societegenerale.com"
"thinkmoney","thinkmoney.co.uk"
"FCC Environment","fccenvironment.co.uk"
"Emailogic","emailogic.com"
"YHA (England & Wales)","yha.org.uk"
"Graham + Sibbald","g-s.co.uk"
"Acro Aircraft Seating","acro.aero"
"Berry Gardens Ltd.","berrygardens.co.uk"
"Wilsons Auctions","wilsonsauctions.com"
"Sedgwick Igoe & Associates","sedgwickigoe.co.uk"
"Dovetail Games","dovetailgames.com"
"Lomond Capital Partnership, LLP","lomondcapital.com"
"Reconomy","reconomy.com"
"Royal Household","royal.uk"
"NATS","nats.aero"
"Canary Wharf Group plc","canarywharf.com"
"OSM Aviation Academy","osmaviationacademy.com"
"THE WOODLANDS ACADEMY SCARBOROUGH","n-yorks.sch.uk"
"Reed & Mackay","reedmackay.com"
"Envigo RMS UK Ltd","envigo.com"
"Portsmouth Hospitals University NHS Trust","porthosp.nhs.uk"
"The Land Trust","thelandtrust.org.uk"
"Electrical Estimates","electricalestimates.co.uk"
"Omniya Limited","omniya.co.uk"
"Red Rock Resources","rrrplc.com"
"Medicetics London","medicetics.com"
"Meaco (UK) Ltd","meaco.com"
"Federation of Small Businesses","fsb.org.uk"
"Blacklight Software","blacklightsoftware.com"
"JoJo Maman Bebe","jojomamanbebe.co.uk"
"Camden and Islington NHS Foundation Trust","candi.nhs.uk"
"Portland","portland-communications.com"
"The Officers'​ Association","officersassociation.org.uk"
"Clock Spring NRI","clockspring.com"
"SIGVARIS GROUP","sigvaris.com"
"TCS Ltd t/a Catax","catax.com"
"SAT-7 UK","sat7.org"
"OCS Group UK","ocs.com"
"Mind in Mid Herts","mindinmidherts.org.uk"
"Building Validation Solutions","bv-solutions.co.uk"
"ReThink HR","rethinkhr.co.uk"
"COMMUNICATE SLT CIC","communicate-slt.org.uk"
"MILLBANK FX","millbankfx.com"
"Travel Republic","travelrepublic.co.uk"
"Mount Street Mortgage Servicing Ltd","mountstreetgroup.com"
"Listers Group","listers.co.uk"
"SPACE&PLACE","space-place.com"
"Legend Solicitors","legendsolicitors.org"
"Davies Lane Primary School","davieslane.co.uk"
"Mike Wye Sustainable Building & Decorating","mikewye.co.uk"
"Dynamix Accountancy","dynamixgroup.co.uk"
"MarcoPolo Learning","marcopololearning.com"
"Plastech (Southern) Limited","plastechsouthern.co.uk"
"gateretail","gategroup.com"
"Shetland Islands Council","shetland.gov.uk"
"Hamilton Fraser Insurance","hamiltonfraser.co.uk"
"Ablrate.com","ablrate.com"
"Morganstone","morganstone.co.uk"
"DORMOLE LIMITED","dormole.net"
"Valpak Limited","valpak.co.uk"
"Truespeed","truespeed.com"
"Kawasaki Motors UK","kawasaki.co.uk"
"Commercial Boatman Ltd.","commercial.co.uk"
"Graduway","graduway.com"
"Sussex NHS Commissioners","sussexccgs.nhs.uk"
"Pineapple Support","pineapplesupport.org"
"Metapraxis","metapraxis.com"
"Unisure Group","unisuregroup.com"
"DQM GRC","dqmgrc.com"
"Paperchase Products Ltd","paperchase.com"
"Vue Entertainment Ltd","myvue.com"
"Cigna","cigna.com"
"Reference Point","referencepoint.co.uk"
"Hearst","hearst.com"
"Jubilee Church","notdull.org"
"Bentley Motors","bit.ly"
"Accrol Group Holdings PLC","accrol.co.uk"
"Kennway Francis Limited","kennwayfrancis.co.uk"
"Green Network Energy Ltd","greennetworkenergy.co.uk"
"Coloplast","coloplast.com"
"Switch2","switch2.co.uk"
"Coremont","coremont.com"
"Samsic UK","samsic.uk"
"SJW Group (英国世嘉置业）","sjwukproperties.com"
"Connolly Ltd","connollyltd.co.uk"
"PEO Worldwide","peoworldwide.com"
"Kinsta®","kinsta.com"
"National Education Union","neu.org.uk"
"Tilney","tilney.co.uk"
"Serpentine Galleries","serpentinegalleries.org"
"London Cremation","thelondoncremation.co.uk"
"Children's Investment Fund Foundation (CIFF)","ciff.org"
"The Institute for Research in Schools","researchinschools.org"
"Mendip District Council","mendip.gov.uk"
"Hansgrohe Group","hansgrohe-group.com"
"British Board of Agrement","bbacerts.co.uk"
"KPR Midlink","-"
"Dolby Vivisol","dolbyvivisol.com"
"WPS Advisory Limited","wpsadvisory.com"
"Clifton Suspension Bridge Trust","cliftonbridge.org.uk"
"A+E Networks","aenetworks.com"
"User Voice","uservoice.org"
"Tritech Engineering","tritech.ie"
"Mitsubishi Chemical UK Ltd","mitsubishichemical.com"
"Rank Group PLC","rank.com"
"Macmillan Publishers International Limited","macmillan.com"
"Mott MacDonald","mottmac.com"
"Balmoral","balmoraloffshore.com"
"WEST KENT Y.M.C.A.","westkentymca.org.uk"
"Poupart Produce Ltd","poupartproduce.co.uk"
"Community Health Partnerships","communityhealthpartnerships.co.uk"
"Roundhouse Trust","roundhouse.org.uk"
"Capital Dynamics","capdyn.com"
"Reed in Partnership","reedinpartnership.co.uk"
"ACP Partners (UK) LLP","acppartners.com"
"GRANITE COAST LTD","granitecoast.co.uk"
"Hentons","hentons.com"
"TXM Recruit","txmrecruit.co.uk"
"Content Guru","contentguru.com"
"Fisher German LLP","fishergerman.co.uk"
"Impellam","impellam.com"
"envisage dental","envisage-dental.co.uk"
"HENSOLDT","hensoldt.net"
"Centre for Ageing Better","ageing-better.org.uk"
"Harpar Grace International","harpargrace.com"
"Rothoblaas srl","rothoblaas.com"
"Teamwork","teamwork.com"
"Sunbelt Rentals, Inc.","sunbeltrentals.com"
"Cinnaire","cinnaire.com"
"Collins Aerospace","collinsaerospace.com"
"CDS Defence & Security","cdsds.uk"
"Edinburgh Trams","edinburghtrams.com"
"LNER","lner.co.uk"
"Accor","accor.com"
"Realogy","realogy.com"
"HHHunt Corporation","hhhunt.com"
"WBA Services Limited","walgreensbootsalliance.com"
"OCASA","ocasa.com"
"nDreams","ndreams.com"
"Youth Sport Trust","youthsporttrust.org"
"Up & Away Aviation Services","upandawayaviation.co.uk"
"Kagool","kagool.com"
"John Menzies plc","johnmenziesplc.com"
"Apropos","apropos.be"
"MCI USA","mci-group.com"
"Epwin Group Plc","epwin.co.uk"
"Ipsen","ipsen.com"
"Bloomberg LP","bloomberg.com"
"NewDay","newday.co.uk"
"The AF Group","theafgroup.co.uk"
"Care Quality Commission","cqc.org.uk"
"Carnyx","-"
"Jahia Solutions","jahia.com"
"LJ Financial Planning Ltd","ljfp.co.uk"
"The Oxfordshire Golf, Hotel & Spa","theoxfordshire.com"
"Cadence Innova","cadenceinnova.com"
"Monex Europe","monexeurope.com"
"Cheshire Ireland","cheshire.ie"
"Hanover (Scotland) Housing Association Ltd","hanovercommercial.scot"
"PayAlly","payally.eu"
"Gravity Fitness Limited","gravity-uk.com"
"Pukka Herbs","pukkaherbs.com"
"Premier Packaging, LLC","prempack.com"
"Lincolnshire Housing Partnership","lincolnshirehp.com"
"Sahara AV Solutions","saharaav.com"
"Scrive","scrive.com"
"Central England Co-operative","centralengland.coop"
"Homes for Good","homesforgood.org.uk"
"UCL","ucl.ac.uk"
"Briggs Equipment","briggsequipment.us"
"Mercia Asset Management PLC","mercia.co.uk"
"Specsavers Optical Superstores UK","specsavers.co.uk"
"Resolis Limited","resolis.org"
"Somerset Re","somersetre.com"
"Virgin Money","virginmoneyukplc.com"
"Cygnet Health Care","cygnethealth.co.uk"
"Energy Institute","energyinst.org"
"DPD Ireland","dpd.ie"
"YKK","ykknorthamerica.com"
"International Consumer Research & Testing Ltd","international-testing.org"
"Nottingham City Council","nottinghamcity.gov.uk"
"Engine UK","enginegroup.com"
"Ensafe Consultants","ensafe.co.uk"
"SEGA Europe Ltd","sega.co.jp"
"Clarke Willmott LLP","clarkewillmott.com"
"Business in Focus","businessinfocus.co.uk"
"Spinal Injuries Association","spinal.co.uk"
"Nexus Underwriting Management Limited","nexusunderwriting.com"
"Pepper (UK) Limited","peppergroup.co.uk"
"Cision","cision.com"
"Workplace Safety & Prevention Services","wsps.ca"
"Kilkenny County Council","kilkennycoco.ie"
"Frederick's Ice Cream Ltd","fredericksicecream.co.uk"
"Vitesse PSP Limited","vitessepsp.com"
"Consortia Legal","consortialegal.com"
"Arcola Products","arcolaproducts.co.uk"
"Enjoy Technology, Inc.","enjoy.com"
"SCL Education Group","wearescl.co.uk"
"Beijer Electronics AB","beijerelectronics.com"
"Genting Casinos UK","gentingcasinos.co.uk"
"Great North Air Ambulance Service","greatnorthairambulance.co.uk"
"PUBLIC","public.io"
"The Hospital of St John & St Elizabeth","chomp.org"
"Encore Personnel","encorepersonnel.co.uk"
"Trident Energy","trident-energy.com"
"record uk ltd","recorduk.co.uk"
"WRU","wru.wales"
"Sodexo","sodexo.com"
"SSAFA the Armed Forces charity","ssafa.org.uk"
"Muscular Dystrophy UK","musculardystrophyuk.org"
"Lomond Group","lomond.group"
"Acorns Children's Hospice","acorns.org.uk"
"Trotters Childrenswear & Accessories Limited","trotters.co.uk"
"Ignite_UK","ignite.uk.com"
"Intercity Technology Ltd","intercity.technology"
"Africa Express Line Ltd","africaexpressline.com"
"Marks and Spencer","marksandspencer.com"
"St George's Weybridge","stgeorgesweybridge.com"
"National Legal Service Solicitors","nationallegalservice.co.uk"
"Panserve Ltd","panserve.co"
"Emico Ltd","emico.co"
"Understanding Recruitment","understandingrecruitment.co.uk"
"The Orders of St John Care Trust","osjct.co.uk"
"Twig Education","twigeducation.com"
"ieso digital health","iesohealth.com"
"SCO Family of Services","sco.org"
"Menzies LLP","menzies.co.uk"
"Spinnaker Support","spinnakersupport.com"
"ALLIES WITH FAMILIES","allieswithfamilies.org"
"Novacroft Ltd","novacroft.com"
"Boast.AI (Boast Capital)"
"Tozers","tozers.co.uk"
"Mental Health Foundation","mentalhealth.org.uk"
"BASC","basc.org.uk"
"Zenith Bank (UK) Limited.","zenith-bank.co.uk"
"John Sisk and Son Ltd","johnsiskandson.com"
"Travelopia Holdings Limited","travelopia.com"
"IPRS Group","iprsgroup.com"
"K2 Corporate Mobility","k2corporatemobility.com"
"Evaluate Ltd","evaluate.com"
"The Fedcap Group","fedcap.org"
"Bridgewell","bridgewell.org"
"Teach for America","teachforamerica.org"
"TopSource Worldwide Group Limited","topsource.co.uk"
"Colt Data Centre Services","coltdatacentres.net"
"bChannels","bchannels.com"
"BlueEQ","blueeq.com"
"Calligo Ltd","calligo.io"
"Infogrid","infogrid.io"
"Mama Bear's Day Nursery and Pre-School","mamabear.co.uk"
"ACC Aviation","accaviation.com"
"Scape Group","scape.com"
"CooperOstlund","cooperostlund.com"
"Byrom plc","byrom.plc.uk"
"Gov Facility Services Ltd (GFSL)","govfsl.com"
"Blis","blis.com"
"ICR","icr-world.com"
"The Road Home","theroadhome.org"
"Farsight Security Services Ltd.","farsight.co.uk"
"Merck","merck.us"
"Enrych","enrych.org.uk"
"Vibrance","vibrance.org.uk"
"The Careers & Enterprise Company","careersandenterprise.co.uk"
"RWG (Repair & Overhauls)","rwgroup.com"
"GC Motors","gcmotors.co.uk"
"Senceive","senceive.com"
"Chiesi Group","chiesi.com"
"Barfoot & Thompson","barfoot.co.nz"
"Easi-Bind International Limited","easibind.com"
"Caddick Group","caddickconstruction.co.uk"
"Association CARE International","-"
"PHC Parts","phc.parts"
"Junior Adventures Group UK","junioradventuresgroup.co.uk"
"Argentex Group PLC","argentex.com"
"Sionic Advisors","sionic.com"
"MAPP","wearemapp.com"
"KMI Brands Ltd","kmibrands.com"
"Linden Foods","lindenfoods.com"
"Probrand","probrand.co.uk"
"RONIN International","ronin.com"
"Dutch Ophthalmic Research Center","dorcglobal.com"
"Cary Group","carygroup.com"
"3Squared","3squared.com"
"IK Investment Partners","ikpartners.com"
"GlobeTech","globetech.ie"
"SeaDek Marine Products","seadek.com"
"Window Widgets","windowwidgets.co.uk"
"Winnow Ltd","winnowsolutions.com"
"Ultraleap","ultraleap.com"
"TGI Fridays UK","tgifridays.co.uk"
"West Suffolk Council","westsuffolk.gov.uk"
"Blink","fidelitypayment.co.uk"
"Scenic - Luxury Cruises & Tours","scenic.com.au"
"TIDES Training and Consultancy","tidestraining.org"
"Badoo","magiclab.co"
"Mohave Community College","mohave.edu"
"Formula E","fiaformulae.com"
"Optimove","optimove.com"
"CARE International UK","careinternational.org.uk"
"Keelings International Limited","keelings.ie"
"GOSS Interactive","gossinteractive.com"
"Symphony Group PLC","symphony-group.co.uk"
"Glaisyers ETL","glaisyers.com"
"Gravity Global","gravityglobal.com"
"Flomatik Network Services","flomatik.co.uk"
"Immersive Labs","immersivelabs.com"
"Central Asia Metals","centralasiametals.com"
"Oaklin","oaklin.com"
"Perch Group","perchcapital.co.uk"
"Trio Healthcare Ltd","triohealthcare.co.uk"
"SpaMedica","spamedica.co.uk"
"Gowling WLG","gowlingwlg.com"
"Talent Works International","talent-works.com"
"Kuit Steinart Levy LLP","kuits.com"
"Richmond Pharmacology","richmondpharmacology.com"
"Charles Taylor","ctplc.com"
"Gmb","gmb.org.uk"
"Brown Bag Films","brownbagfilms.com"
"Matthews & Goodman","matthews-goodman.co.uk"
"City Facilities Management Ltd","cityfm.com"
"NearForm","nearform.com"
"Street League","streetleague.co.uk"
"Teacherly","teacherly.io"
"Plexal","plexal.com"
"PTW","ptw.com"
"Cobham Mission Systems","cobham.com"
"HEIDRICK & STRUGGLES INTERNATIONAL, INC.","heidrick.com"
"Sainsbury's Supermarkets Ltd","sainsburys.co.uk"
"Mercury Theatre","mercurytheatre.co.uk"
"Mitchell and Urwin Brickwork Contractors Ltd","mitchellandurwin.com"
"Vivino","vivino.com"
"Setfords Solicitors","setfords.co.uk"
"Signet Trading Ltd","signetjewelers.com"
"Daikin Applied (UK) Ltd","daikinapplied.uk"
"CF Industries","cfindustries.com"
"Headlam Group plc","headlam.com"
"Hitachi Construction Machinery (Europe) NV (HCME)","hitachicm.eu"
"JPIMedia","jpimedia.co.uk"
"Away Resorts Ltd","awayresorts.co.uk"
"Leeds Trinity University","leedstrinity.ac.uk"
"Oncam","oncamgrandeye.com"
"Improve International","improveinternational.com"
"DSG Finance","dsgfs.com"
"Wordsworth Excavations","wordsworthexcavations.co.uk"
"Ascenti","ascenti.co.uk"
"Vertex Services Group Limited","vertexltd.co.uk"
"Young's Seafood","youngsseafood.co.uk"
"Goodlord","goodlord.co"
"Lambert Smith Hampton","lsh.co.uk"
"Ascent Resources plc","ascentresources.co.uk"
"HGEM","hgem.com"
"KCA Deutag","kcadeutag.com"
"Leeds College of Building","lcb.ac.uk"
"Jubb","jubb.uk.com"
"Hero Gaming","herogaming.com"
"Gateshead Council","gateshead.gov.uk"
"Curtiss-Wright Corporation","curtisswright.com"
"DICE","dice.fm"
"James Allen's Girls' School","jags.org.uk"
"Stone Group Ltd","stonegroup.co.uk"
"MOSL","mosl.co.uk"
"Reckitt","rb.com"
"St Ives School of Art","schoolofpainting.co.uk"
"Opia","opia.com"
"SMS Environmental Ltd","sms-environmental.co.uk"
"Digital Unlimited Group Ltd","tmwunlimited.com"
"First Rate Exchange Services","firstrate.co.uk"
"Exclaimer","exclaimer.com"
"Khaitan Legal Associates","khaitanlegal.com"
"Rockwell Automation","rockwellautomation.com"
"Tayto Snacks Limited","taytosnacks.ie"
"Capgemini","capgemini.com"
"CRH","crh.com"
"Commsworld","commsworld.com"
"Heathrow Express","heathrowexpress.com"
"Ayrshire College","ayrshire.ac.uk"
"The Bury Black Pudding Company","buryblackpuddings.co.uk"
"St Edward's College","stedwards.nsw.edu.au"
"Wavin Group","wavin.com"
"Digital Catapult","digicatapult.org.uk"
"Compound Semiconductor Applications (CSA) Catapult","catapult.org.uk"
"Dynniq","dynniq.com"
"United Insurance Brokers Limited","uib.co.uk"
"ATG (Auction Technology Group)","auctiontechnologygroup.com"
"Michael J Lonsdale","michaellonsdale.com"
"Kingston Technology","kingston.com"
"Genovo","genovo.co.uk"
"Neighbourhood Coffee Company","neighbourhoodcoffee.co.uk"
"Mayor's Office for Policing And Crime (MOPAC)","london.gov.uk"
"Push Group","pushgroup.co.uk"
"Bank Workers Charity","bwcharity.org.uk"
"Ingeus","ingeus.co.uk"
"BAZALGETTE TUNNEL LIMITED","-"
"WHS Plastics","whs-plastics.com"
"Hollis","hollisglobal.com"
"LEARNGILITY LTD"
"ComplyAdvantage","complyadvantage.com"
"Workers Educational Association","wea.org.uk"
"James Finlay Limited","jamesfinlay.co.uk"
"Gordons LLP","gordonsllp.com"
"TuVida","tuvida.org"
"Fauna & Flora International","fauna-flora.org"
"Freedom to Insure","freedomtoinsure.co.uk"
"Huntress","huntress.co.uk"
"Staffordshire Fire and Rescue Service","staffordshirefire.gov.uk"
"First Central","firstcentralgroup.com"
"Microlise","microlise.com"
"Pickfords","pickfords.com"
"Birchwood High School","birchwoodonline.co.uk"
"Mundipharma","mundipharma.com"
"Richmond Motor Group","richmondmotorgroup.com"
"Neptune Energy","neptuneenergy.com"
"Acer","acer.com"
"VoiceAbility","voiceability.org"
"Aston Lark","astonlark.com"
"Tyndall National Institute","tyndall.ie"
"OH3 Limited - Occupational Health","oh3.co.uk"
"DVV Media Group","dvvmedia.com"
"Vhi","vhi.ie"
"Health Partners Limited","healthpartners.uk.com"
"Bates Group","bates-group.co.uk"
"Skills Development Scotland","skillsdevelopmentscotland.co.uk"
"Mind","mind.org.uk"
"Pobl Group","poblgroup.co.uk"
"CBW Resources Ltd T/A Amco","cbw.co.uk"
"MSQ Partners","mmtdigital.co.uk"
"ghd hair New Zealand","ghdhair.com"
"Inbox Insight","inboxinsight.com"
"Live Nation (Music) UK Limited","livenationentertainment.com"
"Ecclesiastical Planning Services Limited","funeralplans.co.uk"
"Gas Networks Ireland","gasnetworks.ie"
"Fluidly","fluidly.com"
"Cell and Gene Therapy Catapult","ct.catapult.org.uk"
"Flexspace","flexspace.co.uk"
"NHS England & NHS Improvement","nhs.uk"
"Arqiva","arqiva.com"
"JJ Food Service Limited","jjfoodservice.com"
"OAG","oag.com"
"Park Holidays UK","parkholidays.com"
"Active Brands AS","activebrands.com"
"Barbour","barbour.com"
"The Benjamin Foundation","benjaminfoundation.co.uk"
"Hugh Rice the Jewellers","hughrice.co.uk"
"Tithegrove Limited","tithegrove.co.uk"
"Coram","coram.org.uk"
"Boxing Futures Ltd","boxing-futures.org.uk"
"NAGRA","nagra.com"
"Valiantys - Atlassian Platinum Solution Partner","valiantys.com"
"Mattioli Woods plc","mattioliwoods.com"
"NUVIA","nuvia.com"
"UW Home Services","uwhomeservices.co.uk"
"Hachette Livre","hachette.com"
"GSA Group Ltd","gsa-gp.com"
"Development Bank of Wales","developmentbank.wales"
"Rede Partners LLP","rede-partners.com"
"Full Fibre Limited","fullfibre.co"
"Bridgend Ford","bridgendford.co.uk"
"Imperial College Healthcare NHS Trust","imperial.nhs.uk"
"Metropolitan Thames Valley","mtvh.co.uk"
"Katun","katun.com"
"Currie & Brown Group Limited","curriebrown.com"
"Natta Building Company Ltd","natta.co.uk"
"Westerleigh Group","westerleighgroup.co.uk"
"Planixs","planixs.com"
"Chisholm Hunter","chisholmhunter.co.uk"
"Read - The Reading Agency Ltd","readingagency.org.uk"
"Mind Foundry","mindfoundry.ai"
"g2 Energy Limited","g2energy.co.uk"
"Crédit Agricole CIB","ca-cib.com"
"Crown Prosecution Service","cps.gov.uk"
"Global Alliance for Chronic Diseases (GACD)","gacd.org"
"UK Plumbing Supplies Ltd","chippingnortonbathrooms.co.uk"
"Lambeth Council","Lambethcouncil.com"
"Centrus","centrusfinancial.com"
"Trowers & Hamlins","trowers.com"
"La Fosse Associates","lafosse.com"
"Woodhead Group","woodhead-construction.co.uk"
"Method","methods.co.uk"
"Policy Expert","policyexpert.co.uk"
"Eque2 Ltd","eque2.co.uk"
"Universities and Colleges Employers Association","ucea.ac.uk"
"CPD Connect","-"
"EV Cargo Global Forwarding","evcargoglobalforwarding.com"
"Sightline Aluminium Systems Ltd","-"
"Sky","sky.com"
"Flagstone","flagstoneim.com"
"Experian","experianplc.com"
"DC Thomson","dcthomson.co.uk"
"The Pensions Regulator","tpr.gov.uk"
"Essentra","essentraplc.com"
"LHi Group","wearelhi.com"
"Achieving for Children","achievingforchildren.org.uk"
"Refuge","refuge.org.uk"
"Enigma Industrial Services","enigma-is.com"
"Kilnbridge Construction Services Limited","kilnbridge.com"
"Loomis","boots.co.uk"
"Durkan","durkan.co.uk"
"City Electrical Factors","cef.co.uk"
"KAO Germany","kaosalondivision.com"
"Portland Port & Portland Harbour Authority Ltd, UK","portland-port.co.uk"
"Boydell & Brewer","boydellandbrewer.com"
"Airivo - Flexible Office Space","airivo.com"
"EPI","epigroup.com"
"Local Government & Social Care Ombudsman","lgo.org.uk"
"Bede Gaming","bedegaming.com"
"Convex","convexin.com"
"Boo Consulting Limited","booconsulting.co.uk"
"IQVIA","iqvia.com"
"Advertising Standards Authority","asa.org.uk"
"BaxterStorey","baxterstorey.com"
"Texas Health Resources","adtrk.tw"
"Suttons International Limited","suttonsgroup.com"
"SYBO","sybogames.com"
"Ansons Solicitors Limited (trading as Ansons Solicitors and Ansons)","ansonssolicitors.com"
"CLSH Management Limited","clsholdings.com"
"Sharegain","sharegain.com"
"Capsticks Solicitors LLP","capsticks.com"
"GS1 UK","gs1uk.org"
"Chaucer Group","chaucerplc.com"
"PHOENIX Medical Supplies Ltd","phoenixmedical.co.uk"
"Jurassic Fibre","jurassic-fibre.com"
"Cubico Sustainable Investments","cubicoinvest.com"
"Thomas Franks Ltd","thomasfranks.co.uk"
"FinTrU","fintru.com"
"Global Processing Services","globalprocessing.com"
"Notcutts Ltd.","notcutts.co.uk"
"Machynellth Community Children's Project Ltd","communitychildrenscenter.org"
"Eden McCallum","edenmccallum.com"
"Vivid Homes","vividhomesuk.com"
"Royal Masonic Benevolent Institution Care Co.","rmbi.org.uk"
"SYKE","syke.tech"
"Rosemont Pharmaceuticals","rosemontpharma.com"
"Performance54","performance54.com"
"Tuffnells Parcels Express","tuffnells.co.uk"
"ELIS","elis.com"
"Appleyard Lees IP LLP","appleyardlees.com"
"IPC Systems, Inc.","ipc.com"
"Student Roost","studentroost.com"
"urbanbubble","urbanbubble.co.uk"
"Cheetham Jackson","cheethamjackson.com"
"Corazon Health Ltd - Occupational Health Services","corazonhealth.co.uk"
"St Albans High School For Girls","stahs.org.uk"
"Wincanton","wincanton.co.uk"
"Pearson Ham | The Pricing Specialists","pearsonham.com"
"Greetz BV","greetz.nl"
"Morgan Sindall Group plc","morgansindall.com"
"LendInvest","lendinvest.com"
"Bonhams","bonhams.com"
"Morrs Smitt (UK) Ltd","wabtec.com"
"ACM Environmental PLC","acmplc.com"
"Sibelco Group","sibelco.com"
"Vertical Aerospace","vertical-aerospace.com"
"Hitachi Construction Machinery Africa","hitachicm.co.za"
"Brothers of Charity Services England","brothersofcharity.org.uk"
"COFCO International","cofcointernational.com"
"Checkout.com","checkout.com"
"Suffolk","suffolk.com"
"UK Finance","ukfinance.org.uk"
"Hartsfield","hartsfield.co.uk"
"Ayton Global Research","aytonglobalresearch.com"
"Optime Group Limited","optimegroup.co.uk"
"ITRS Group","itrsgroup.com"
"Equilaw","equilaw.uk.com"
"Simmons Bars","simmonsbar.co.uk"
"Native","nativeplaces.com"
"The Better Home Company London Ltd","betterhomecompany.com"
"The Cambridge Building Society","cambridgebs.co.uk"
"TJX Europe","jobs.tjx.com"
"Alex TLC","alextlc.org"
"Nationwide Services Group Ltd","nationwideservices.co.uk"
"Advanced Waste Solutions Ltd","aws.uk.com"
"Waste Source Ltd","wastesource.co.uk"
"HKA","hka.com"
"Clancy","clancy.ie"
"Rope and Sling Specialists","ropeandsling.co.uk"
"Ludlum Systems Limited","ludlumsystems.com"
"Fortude","fortude.co"
"Historic Environment Scotland Enterprises Ltd","-"
"Transport for the North","transportforthenorth.com"
"GRIDSERVE","gridserve.com"
"Ilke Homes","ilkehomes.co.uk"
"SRUC","sruc.ac.uk"
"Succession Wealth","successionwealth.co.uk"
"Poundland & Dealz","poundlandcareers.co.uk"
"Brain in Hand","braininhand.co.uk"
"Delta-Simons Environmental Consultants","deltasimons.com"
"London Nightline","nightline.ac.uk"
"Glentham Life Sciences Ltd.","glentham.com"
"PAL Services Group Ltd","palservices.co.uk"
"disguise","disguise.one"
"Yell","business.yell.com"
"Ainscough Crane Hire","ainscough.co.uk"
"LTA","lta.org.uk"
"Wheatley","wheatley-group.com"
"Merlin Entertainments","merlinentertainments.biz"
"Optivo","optivo.org.uk"
"Homebase","homebase.careers"
"Lidl UK","lidl.co.uk"
"Improbable","improbable.io"
"Bulk Tainer Logistics","bulktainerlogistics.com"
"Santia Asbestos Management Limited","santia.co.uk"
"COOK Trading Ltd","cookfood.net"
"EP UK Investments LTD","epuki.co.uk"
"Skinners'â Academy","skinnersacademy.org.uk"
"SoftwareONE UK Limited","softwareone.com"
"Bango","bango.com"
"Talk training","talktraining.co.uk"
"Rybrook","rybrook.co.uk"
"ategi Limited","ategi.org.uk"
"World Horse Welfare","worldhorsewelfare.org"
"OFR Consultants","ofrconsultants.com"
"Gem Cable Communications","gemcable.com"
"Financial Ombudsman Service","financial-ombudsman.org.uk"
"CI Group","cigroup.co.uk"
"Zebra","zbr.global"
"OE Electrics Ltd","oeelectrics.co.uk"
"Infinity Asset Management LLP","infinityllp.com"
"ByrneWallace LLP","byrnewallace.com"
"Addleshaw Goddard","addleshawgoddard.com"
"Leeds and York Partnership NHS Foundation Trust","leedsandyorkpft.nhs.uk"
"The Gap Partnership","thegappartnership.com"
"PC Specialist Ltd","pcspecialist.co.uk"
"Red Bull Technology","redbull.com"
"Enumis Ltd","enumis.co.uk"
"Owen Mumford","owenmumford.com"
"City YMCA London","ymcalondoncan.org"
"Kynetec","kynetec.com"
"Forex Training Works","forextrainingworks.com"
"Moorfields Advisory Limited","moorfieldscr.com"
"Big C Cancer Charity","big-c.co.uk"
"St Helens Council","sthelens.gov.uk"
"Novo Nordisk A/S","novonordisk.com"
"Lysander Law","lysanderlaw.co.uk"
"Lendable","lendable.co.uk"
"Abaco Systems","abaco.com"
"Pulsant","pulsant.com"
"Nicholsons Chartered Accountants","nicholsonscharteredaccountants.co.uk"
"GALVmed","galvmed.org"
"EcoOnline Global","ecoonline.com"
"Acosta","acosta.com"
"Portals Paper","portalspaper.com"
"EDF (UK)","edfenergy.com"
"Universally Speaking","usspeaking.com"
"Genesis Motor Europe GmbH","genesis.com"
"Jones Whyte","joneswhyte.co.uk"
"APUC","apuc-scot.ac.uk"
"TPXimpact","tpximpact.com"
"Boulder Media","bouldermedia.tv"
"bf1systems Ltd","bf1systems.com"
"H&M HOME","hmgroup.com"
"Archway","archway.org.uk"
"One Manchester","onemanchester.co.uk"
"Nella Cutlery Services","nellacut.com"
"4twenty2"
"The Thinking Schools Academy Trust","tsatrust.org.uk"
"Cudo","cudoventures.com"
"LikeZero Limited","likezero.co.uk"
"Mackie's at Taypack","mackiescrisps.com"
"Vientiane International School","vislao.com"
"Saltus","saltus.co.uk"
"Gravity Media Group Ltd","gravitymedia.com"
"Rendel Limited","rendel-ltd.com"
"Pittie Group","pittiegroup.com"
"TrueLayer","truelayer.com"
"Wiser","wearewiser.com"
"Casambi Technologies Oy","casambi.com"
"The Ardonagh Group","ardonagh.com"
"Platinum Stairlifts","platinumstairlifts.com"
"R.D.Trading Limited t/a RDC","rdc.co.uk"
"Access2Funding","t4cuk.com"
"2buy2","2buy2.com"
"Mitie (Ireland)","mitie.ie"
"The Education and Training Foundation","et-foundation.co.uk"
"Yorwaste Ltd","yorwaste.co.uk"
"ESP Security Solutions","espsecuritysolutions.com"
"R&R Residential Management Limited","rendallandrittner.co.uk"
"Tetra Tech Europe","tetra.com"
"Macarthys Laboratories Limited T/A Martindale Pharma","ethypharm.com"
"ESF Capital","esfcapital.com"
"Unleash & Engage","unleashandengage.com"
"Blue Square...","bluesquare.uk.com"
"CYTED LTD","cyted.ai"
"Avensys UK Ltd","avensysmedical.co.uk"
"Eurofins Forensic Services","eurofins.co.uk"
"Press Ganey","pressganey.com"
"Livent","livent.com"
"Riverside Gravure Ltd","riversidegravure.co.uk"
"The Modern Milkman","themodernmilkman.co.uk"
"Apex Prime Care","apexprimecare.org"
"H&T Group plc","handt.co.uk"
"Adoption UK","adoptionuk.org"
"Santander UK","santander.co.uk"
"Karelia University of Applied Sciences","karelia.fi"
"Crystal Press","crystalcp.net"
"Electronic Technicians Ltd","etluk.co.uk"
"Semefab Ltd.","semefab.com"
"ALEX-BEGG AND COMPANY","alex-begg.co.uk"
"Venari Partners","venaripartners.com"
"Pobal","pobal.ie"
"Winch Design","winchdesign.com"
"Corndel","corndel.com"
"Exclusive Networks","exclusive-networks.com"
"Founder and Lightning","founderandlightning.com"
"Active Building Centre","activebuildingcentre.com"
"Daub Alderney Limited","daubanddesign.com"
"Bosal","bosal.com"
"Megan's Restaurants","megans.co.uk"
"GL events UK","glevents.co.uk"
"Future Fit Training","futurefit.co.uk"
"Skillnet Limited","skillnet.org.uk"
"MPCT","mpct.co.uk"
"Radtac","radtac.com"
"SBB CFF FFS","sbb.ch"
"Lambeth and Southwark Mind","lambethandsouthwarkmind.org.uk"
"Spartanburg Regional Healthcare System","spartanburgregional.com"
"Air Navigation Solutions Ltd.","ans-atc.com"
"Delaware Guidance Services","delawareguidance.org"
"I.T. Alliance Group","linkedin.com"
"Charlton Athletic Football Club","cafc.co.uk"
"Nexus Vehicle Management Limited","nexusrental.co.uk"
"Careers Wales","careerswales.com"
"HUBER Technology UK & Ireland","huber.co.uk"
"The Chartered Institute of Building (CIOB)","ciob.org"
"ProPharma Group","propharmagroup.com"
"Project Etopia","projectetopia.com"
"Veolia","veolia.com"
"Internet Fusion Group","internetfusion.co.uk"
"The Salvation Army","salvationarmyusa.org"
"AutoRek","autorek.com"
"Tempest Security","tempestsecurity.com"
"HFW LLP","asialegal.com.sg"
"Freeline","freeline.life"
"Carne Group","carnegroup.com"
"Fenergo","fenergo.com"
"Petlab Co.","thepetlabco.com"
"Cennox","cennox.com"
"Weatherbys Private Bank","weatherbys.bank"
"BCP Council","bcpcouncil.gov.uk"
"Motor Insurers' Bureau (MIB)","mib.org.uk"
"Apollo Home Healthcare","apollohomehealthcare.com"
"COPTRZ","coptrz.com"
"Candide","candidegardening.com"
"INVOKE","invokemalaysia.org"
"Gungho Marketing Ltd","gunghomarketing.co.uk"
"Clarke Energy","clarke-energy.com"
"Classic Mineral Water Company Ltd","classic-mineral-water.com"
"Nottingham Forest FC","nottinghamforest.co.uk"
"CS One Design Ltd","csone.co.uk"
"Horton Housing","hortonhousing.co.uk"
"NRS Healthcare","nrshealthcare.co.uk"
"ASM Assembly Systems","asm-smt.com"
"Five Guys Europe","fiveguys.co.uk"
"Steltix","steltix.com"
"Sui Generis International Ltd","suigeneris.co.uk"
"Oceanwide Expeditions","oceanwide-expeditions.com"
"Christie & Co","christie.com"
"LEEDS AND YORK PARTNERSHIP NHS FOUNDATION TRUST (RGD)","leedsandyorkpft.nhs.uk"
"Levenseat","levenseat.co.uk"
"Contino","contino.io"
"ESET Software UK Limited","eset.com"
"Vitacress","vitacress.com"
"Werfen","werfen.com"
"National Residential Landlords Association - NRLA","nrla.org.uk"
"Five Rivers Environmental Contracting Ltd","five-rivers.com"
"Moy Park","moypark.com"
"Barnet and Southgate College","barnetsouthgate.ac.uk"
"ACHESON & GLOVER LIMITED","ag.uk.com"
"The Chartered Institute of Payroll Professionals (CIPP)","cipp.org.uk"
"DAZN Group","dazn.com"
"Rieckermann (HRD)","rieckermann.com"
"LEAP Legal Software AU","leap.com.au"
"Raw Group","rawgroup.co"
"Beelivery","beelivery.com"
"Dolphin Living","dolphinliving.com"
"DERBYSHIRE LAW CENTRE LTD","derbyshirelawcentre.org.uk"
"Clockwise Offices","workclockwise.co.uk"
"EOS Deal Advisory","eos-dealadvisory.co.uk"
"Lucideon","lucideon.com"
"Mondottica Group","mondottica.com"
"MPM Products Ltd","mpmproducts.co.uk"
"Urban Leisure Group","ulg.co.uk"
"Youvia","youvia.nl"
"Goldberg Segalla","goldbergsegalla.com"
"Burnley Football Club","burnleyfc.com"
"Pure Cremation Ltd","purecremation.co.uk"
"Crowe UK","crowe.co.uk"
"Europlacer","europlacer.com"
"CDS Global","cdsglobal.co.uk"
"Tosibox","tosibox.com"
"Chevron Traffic Management","chevrontm.com"
"Archery GB","archerygb.org"
"Cancer Research UK","cancerresearchuk.org"
"Aberdeen Foyer","aberdeenfoyer.com"
"SuperBike Factory Limited","superbikefactory.co.uk"
"Law Society of Ontario","lsuc.on.ca"
"Health-Bridge","-"
"Radius Payment Solutions Limited","radiuspaymentsolutions.com"
"The Donaldson Trust","donaldsons.org.uk"
"ONEGROUP Risk Management and Insurance","onegroup.com"
"Round Hill Capital","roundhillcapital.com"
"Churcher's College","churcherscollege.com"
"AppLearn®","applearn.com"
"IMMO Capital","immo.capital"
"MEMS Power Generation","mems.com"
"Bespoke","bespokeconnects.com"
"Lomas Distribution","lomas-distribution.co.uk"
"Frontier Economics","frontier-economics.com"
"Freesat","freesat.co.uk"
"Offshore Renewable Energy Catapult","catapult.org.uk"
"West Kent Mind","westkentmind.org.uk"
"Together for Children","togetherforchildren.org.uk"
"Formula 1","f1.com"
"Mantra Learning Limited","mantralearning.co.uk"
"Saab Technologies Ltd.","saabtech.ca"
"Amoria Bond","amoriabond.com"
"Dartford & Gravesham NHS Trust","dvh.nhs.uk"
"Vaillant Group","vaillant-group.com"
"Pre Metro Operations Ltd.","premetro.co.uk"
"Hampshire Trust Bank","htb.co.uk"
"Leeds United","leedsunited.com"
"Severn","severnvalve.com"
"AT Management","atmanagement.co.uk"
"LotusWorks","lotusworks.com"
"Paddle","paddle.com"
"Yu Energy","yuenergy.co.uk"
"Bewley Homes","bewley.co.uk"
"Misco Technologies Limited","misco.co.uk"
"MP Moran","mpmoran.co.uk"
"Outokumpu","outokumpu.com"
"R&W Scott Ltd","randwscott.com"
"Hanham Secure Health","hanhamsecurehealth.co.uk"
"Elkstone","elkstonepartners.com"
"Hyperoptic Ltd.","hyperoptic.com"
"DHL Express Singapore","dhl.com"
"Firesprite","firesprite.com"
"Lexham Insurance","lexhaminsurance.co.uk"
"Moonbug Entertainment","moonbug.com"
"Srixon Sports Europe Ltd","srixon.co.uk"
"FCR Media UK & Ireland","fcrmedia.ie"
"TrustID","trustid.co.uk"
"Hayfin Capital Management LLP","hayfin.com"
"Mirriad","mirriad.com"
"Featurespace","featurespace.com"
"Dove House Hospice","dovehouse.org.uk"
"Riverside","riverside.org.uk"
"iTech Media","itech.media"
"Summit Services Ltd","summit-services.co.uk"
"McLarens","mclarens.com"
"Prima Dental Group","primadental.com"
"Codurance","codurance.com"
"International Tennis Federation","itftennis.com"
"Tommy's","tommys.org"
"Next Phase Recruitment Limited","nextphaserecruitment.com"
"Syncron","syncron.com"
"Markel International","markelinternational.com"
"Police Federation of England and Wales","polfed.org"
"LBS Builders Merchants","lbsbm.co.uk"
"Adaptavist","adaptavist.com"
"The Royal Marsden NHS Foundation Trust","royalmarsden.nhs.uk"
"Digital Barriers","digitalbarriers.com"
"The Edmund Trust","edmundtrust.org.uk"
"Generation Partners","generation.com"
"Skill Capital","skillcapital.com"
"Kellogg Company","kelloggcompany.com"
"Cordant Group PLC","cordantgroup.com"
"Tayto Group Limited","taytogroup.com"
"Southbank Centre","southbankcentre.co.uk"
"Spencer Private Hospitals","spencerprivatehospitals.com"
"GovGrant","govgrant.co.uk"
"The Berkeley","the-berkeley.co.uk"
"Trinity Biotech","trinitybiotech.com"
"University of the Arts London","arts.ac.uk"
"Oil Spill Response Ltd","oilspillresponse.com"
"Betfred","betfred.com"
"Mace","macegroup.com"
"KnowledgePool","knowledgepool.com"
"Sumitomo Mitsui Banking Corporation Europe Ltd"
"PD Ports","pdports.co.uk"
"Metroline Travel","metroline.co.uk"
"Catch22","catch-22.org.uk"
"Johnstons of Elgin Ltd","johnstonscashmere.com"
"Cornerstone Community Care","cornerstone.org.uk"
"Surrey Choices","surreychoices.com"
"Blackfinch Group","blackfinch.com"
"Snorkel Lifts","snorkellifts.com"
"Texecom Ltd.","texe.com"
"Bionic","bionic.co.uk"
"Ardevora Asset Management LLP","ardevora.com"
"VOYA Organic beauty from the sea","voya.ie"
"axisfirst","axisfirst.co.uk"
"Subsea 7","subsea7.com"
"EU SKILLS / Energy & Utility Skills","euskills.co.uk"
"eXPD8 Field Marketing","expd8.co.uk"
"NIHE","nihe.gov.uk"
"NATEK","natek.eu"
"Vita Group Limited","vitagroup.com.au"
"Harvest Healthcare Ltd","harvesthealthcare.co.uk"
"QCENTRIS","qcentris.com"
"Revolution Bars Group PLC","revolutionbarsgroup.com"
"ELEMIS","elemis.com"
"MTR Elizabeth line","mtrel.co.uk"
"ABM Europe","abmeurope.com"
"Sep-02","sep2.co.uk"
"Amnesty International","amnesty.org"
"Howarth Timber & Building Supplies Ltd","howarth-timber.co.uk"
"Terrence Higgins Trust","tht.org.uk"
"Baringa Partners","baringa.com"
"Merseyside Fire & Rescue Service","merseyfire.gov.uk"
"The Montcalm Luxury Hotels","themontcalm.com"
"The Woods Group","woodsvalldata.co.uk"
"Calex UK","calexuk.com"
"The Skills Network","theskillsnetwork.com"
"Plexus Law","plexuslaw.co.uk"
"Wales & West Utilities","wwutilities.co.uk"
"Givaudan UK Ltd","givaudan.com"
"Euro Car Parks","eurocarparks.com"
"The Chelsea Magazine Co","chelseamagazines.com"
"10x Banking","10xbanking.com"
"MYJAR","myjar.com"
"Phaidon International","phaidoninternational.com"
"Search Consultancy","bit.ly"
"Harvey Nash","harveynash.com"
"Afton Chemical","aftonchemical.com"
"Line Management Group","lmgiq.com"
"Stockport Homes","stockporthomes.org"
"Oldham Metropolitan Borough Council","oldham.gov.uk"
"Forth Ports Limited","forthports.co.uk"
"Mindshare","mindshareworld.com"
"Pembrokeshire College","pembrokeshire.ac.uk"
"Valmet","valmet.com"
"Industry Forum","industryforum.co.uk"
"Harrison Clark Rickerbys Ltd","hcrlaw.com"
"JF Renshaw Ltd","renshawbaking.com"
"Matthew Algie","matthewalgie.com"
"Fuerst Day Lawson","fdlworld.com"
"Nonviolent peace force","nonviolentpeaceforce.org"
"MSLETB","msletb.ie"
"JUST HOT TUBS LTD.","justhottubs.com"
"Ashfords LLP","ashfords.co.uk"
"The Barton Partnership","thebartonpartnership.com"
"Rayner","rayner.com"
"Big Yellow Self Storage","bigyellow.co.uk"
"Leeds Community Healthcare NHS Trust","leedscommunityhealthcare.nhs.uk"
"English National Ballet","ballet.org.uk"
"EnQuest","enquest.com"
"Kartesia","kartesia.com"
"The George Vet Group","georgevetgroup.co.uk"
"The Church of England","churchofengland.org"
"Education for Health","educationforhealth.org"
"Cotton Traders","cottontraders.com"
"NHS Supply Chain","supplychain.nhs.uk"
"Dignity Plc","dignityfuneralsplc.co.uk"
"Nestlé Nespresso SA","nespresso.com"
"XMA","xma.co.uk"
"CHASE","chasepeople.com"
"Charterhouse (Accountants) Limited","charter-house.net"
"Christians Against Poverty","capuk.org"
"Fortis Living","platformhgwest.com"
"The General Dental Council","gdc-uk.org"
"Howard Kennedy","howardkennedy.com"
"Luxtripper","luxtripper.co.uk"
"West College Scotland","reidkerr.ac.uk"
"CHELTENHAM COLLEGE AND CHELTENHAM COLLEGE PREPARATORY SCHOOL","cheltenhamcollege.org"
"The Co-operative Bank plc","co-operativebank.co.uk"
"Canal And River Trust","canalrivertrust.org.uk"
"Starr Companies","starrcompanies.com"
"City of Glasgow College","cityofglasgowcollege.ac.uk"
"Broadland Housing Group","broadlandhousing.org"
"SLR Consulting","slrconsulting.com"
"Mountain Warehouse","mountainwarehouse.com"
"Pick Everard","pickeverard.co.uk"
"Police Mutual","policemutual.co.uk"
"Tungsten West Limited","tungstenwest.com"
"Future Technology Services Ltd","ftselec.co.uk"
"EMCOR Facilities Services Ltd","emcorgroup.com"
"Aggreko","aggreko.com"
"Balfour Beatty plc","balfourbeatty.com"
"Baxters Food Group","baxters.com"
"McGee Group","mcgee.co.uk"
"SaltPay","saltpay.co"
"Eastleigh Borough Council","eastleigh.gov.uk"
"Jordans Limited","vistra.com"
"Rowse Honey Ltd","kettlefoods.co.uk"
"LiveWest","livewest.co.uk"
"Zeus Packaging","zeuspackaging.com"
"Mews","mews.com"
"North East Autism Society","ne-as.org.uk"
"Woodland Group Ltd","woodlandgroup.com"
"Spencer Ogden","spencer-ogden.com"
"KAO Group - USA","kao.com"
"Robert Walters","robertwalters.com"
"Bibby Financial Services","bibbyfinancialservices.com"
"The Binding Site","bindingsite.com"
"Allergy Therapeutics","allergytherapeutics.com"
"Reynolds Porter Chamberlain","rpc.co.uk"
"Rightmove","rightmove.co.uk"
"Nuffield Health","nuffieldhealth.com"
"Creative Support","creativesupport.co.uk"
"Rethink Mental Illness","rethink.org"
"Classic Fine Foods","classicfinefoods.com"
"Ataway","ataway.com"
"Helping Hands Home Care Limited","helpinghandshomecare.co.uk"
"IG Group","iggroup.com"
"White Stuff","whitestuff.com"
"Nexus","dgregiotyneandwear.co.uk"
"The MCL Group (Int) Ltd","mclgroup.co.uk"
"Good Fellow","goodfellow.com"
"Chosen Care Group Ltd.","chosencaregroup.com"
"TWI","twi-global.com"
"The Conservation Volunteers","tcv.org.uk"
"Kainos","kainos.com"
"Bain & Company","bain.com"
"HORIBA MIRA","horiba-mira.com"
"Michelmores","michelmores.com"
"Coillte","coillte.ie"
"SFP Recovery","sfpgroup.com"
"The Travel Chapter Limited","travelchapter.com"
"The Alchemist Bar & Restaurant Ltd","thealchemist.uk.com"
"National Caravan Council","thencc.org.uk"
"Flybe","flybe.com"
"KONE","kone.com"
"International SOS","internationalsos.com"
"Brandon Trust","brandontrust.org"
"Built Environment Communications Group","becg.com"
"Kuoni UK","kuoni.co.uk"
"GTR (Govia Thameslink Railway)","gtrailwaycareers.com"
"Gateley Legal","gateleyplc.com"
"Abellio Group","abellio.com"
"Hammonds Furniture","hammonds-uk.com"
"SIS LTD","sis.tv"
"Houlihan Lokey","hl.com"
"SHS Group Ltd","shs-group.co.uk"
"Shawbrook Bank","shawbrook.co.uk"
"Sirona care & health","sirona-cic.org.uk"
"EPM Ltd","epm.co.uk"
"Forsters LLP","forsters.co.uk"
"BLM LAW LIMITED","blmlaw.com"
"WDH","wdh.co.uk"
"Institution of Engineering and Technology (IET)","theiet.org"
"Comprehensive Nuclear-Test-Ban Treaty Organization - CTBTO","ctbto.org"
"Booking.com","booking.com"
"Senior plc","seniorplc.com"
"Multiple Sclerosis Society","mssociety.org.uk"
"Pattonair","linktr.ee"
"Broadway Malyan","broadwaymalyan.com"
"Axis Well Technology","axis-wt.com"
"Neptune","neptune.com"
"Cripps LLP","crippspg.co.uk"
"Fox Williams","foxwilliams.com"
"MonoSol, a Kuraray Division","monosol.com"
"RELEX Solutions","relexsolutions.com"
"The Scottish Salmon Company","scottishsalmon.com"
"Pareto Law","pareto.co.uk"
"Alpha Wave Global","sjsjss"
"AC Valve Alliance","acvalvealliance.com"
"Atlas Language School","atlaslanguageschool.com"
"Insights","insightsvt.com"
"Kvik A/S","kvik.com"
"Staffordshire University","buzzsprout.com"
"Ocean Infinity","oceaninfinity.com"
"Chase Evans Residential Ltd","chaseevans.co.uk"
"Deutsche Bank","db.com"
"Venn Life Sciences ED B.V.","vennlifesciences.com"
"Smart DCC","smartdcc.co.uk"
"The Retreat York","theretreatyork.org.uk"
"The Climatec group","theclimatecgroup.co.uk"
"Torridge District Council","torridge.gov.uk"
"Radius Systems Ltd","radius-systems.com"
"Orbis Education and Care","orbis-group.co.uk"
"HC ÃssÃ¤t Pori Oy","assat.com"
"Trinity College London","trinitycollege.com"
"Matrix SCM","matrix-scm.com"
"Marlin Hawk","marlinhawk.com"
"HIQA - Health Information and Quality Authority","hiqa.ie"
"Law Business Research","lbresearch.com"
"N. Notaro Homes Ltd","notarohomes.co.uk"
"Beacon","thisisbeacon.com"
"CERTEX UK","certex.co.uk"
"Healthcare Safety Investigation Branch","hsib.org.uk"
"Castor Vali Ltd","castorvali.com"
"Savannah Resources PLC","savannahresources.com"
"Smart Training and Recruitment","smarttar.co.uk"
"Sykes Global Services Limited","sykes-cpa.com"
"Merck Gruppe","merckgroup.com"
"MK Gallery","mkgallery.org"
"Arkamys","arkamys.com"
"Human Relief Foundation","hrf.org.uk"
"Greenwood Academies Trust","greenwoodacademies.org"
"The Marylebone, The Doyle Collection","stmaryleboneschool.com"
"MyKindaFuture","connectr.com"
"Advanced Business Software Corporation","absc-savannah.com"
"EKF Diagnostics","ekfdiagnostics.com"
"Grimshaw Architects","grimshaw.global"
"Magnox Ltd","gov.uk"
"The Coal Authority","gov.uk"
"Ambrey","ambrey.com"
"Cynergy Bank","cynergybank.co.uk"
"AMS","weareams.com"
"Kisaco Research","kisacoresearch.com"
"IFS","ifs.com"
"BETHPHAGE","bethphage.co.uk"
"CareChoice Group Ireland","carechoice.ie"
"WTW","willistowerswatson.com"
"HSS Hire","hss.com"
"Aspire Sussex","aspiresussex.org.uk"
"The Omni Group - Omni Facilities Management","omnifm.com"
"Critical Healthcare Ltd","criticalhealthcare.com"
"Tazaki Foods Ltd","tazakifoods.com"
"Royal National Orthopaedic Hospital (RNOH) NHS Trust","rnoh.nhs.uk"
"Together - loans, mortgages & finance","togethermoney.com"
"Bedell Cristin","bedellcristin.com"
"St. Catherine's Association","stcatherines.ie"
"Nets Group","nets.eu"
"Cystic Fibrosis Trust","cysticfibrosis.org.uk"
"Raven Housing Trust Limited","ravenht.org.uk"
"KPMG","kpmg.com"
"Bolton Council","bolton.gov.uk"
"Bio Products Laboratory Limited","bpl.co.uk"
"Greenergy","greenergy.com"
"A-One Insurance Group","aoig.co.uk"
"Appfleet Ltd","pomelopay.com"
"Addaction","wearewithyou.org.uk"
"Health Innovation Manchester","healthinnovationmanchester.com"
"Alabare Christian Care and Support","alabare.co.uk"
"mgilearning","mgilearning.com"
"Wesco Aircraft","wescoair.com"
"Square D Company","squared.com"
"CHURCHILL SERVICES LIMITED","churchillservices.com"
"Intact","intactsoftware.com"
"Bellway Homes","bellway.co.uk"
"Moneybarn","moneybarn.com"
"Outcomes First Group","outcomesfirstgroup.co.uk"
"Cardiac Risk in the Young","c-r-y.org.uk"
"Harrison Spinks","harrisonspinks.co.uk"
"Princess Alice Hospice","pah.org.uk"
"The Active Wellbeing Society","theaws.co.uk"
"CyDen","cyden.com"
"Rix & Kay Solicitors LLP","rixandkay.co.uk"
"Tourism Ireland","tourismireland.com"
"Three Steps","threesteps.ie"
"Wadworth & Company Limited","wadworth.co.uk"
"Roberts Bakery - Embrace the New","robertsbakery.co.uk"
"ERCE","erce.energy"
"Global Rail Construction Limited","theglobalinfrastructuregroup.com"
"Animal Friends","animalfriends.co.uk"
"CloudCall","cloudcall.com"
"Control Risks","controlrisks.com"
"Doconomy","doconomy.com"
"Domino Printing","domino-printing.com"
"Hozelock","hozelock.com"
"Society of Motor Manufacturers and Traders (SMMT)","smmt.co.uk"
"Hatmill Ltd","hatmill.co.uk"
"R&W Ltd","rwcivilengineering.co.uk"
"Advancedco","uk.advancedco.com"
"British Business Bank","british-business-bank.co.uk"
"ReAssure","reassurecareers.co.uk"
"iQ Student Accommodation","iqstudentaccommodation.com"
"apetito UK","apetito.co.uk"
"Rothschild and Co","rothschildandco.com"
"Royal Lancaster London","royallancaster.com"
"Yoti Ltd","yoti.com"
"Scandlines","scandlines.com"
"Nemko","nemko.com"
"Peckwater Brands","peckwaterbrands.com"
"Logic Fire and Security Ltd","logicfireandsecurity.com"
"Olive Dining LTD","olivedining.co.uk"
"Screencloud - Digital Signage","screencloud.com"
"Hotel Westport & Westport Estate","hotelwestport.ie"
"Noah's Ark Zoo Farm","noahsarkzoofarm.co.uk"
"Cushman & Wakefield","cushmanwakefield.com"
"Redkite Solicitors","redkitelaw.co.uk"
"Grafton Merchanting GB Limited","huwsgray.co.uk"
"Ignition Group PLC","ignitiongroupplc.com"
"Hill-Murray School","hill-murray.org"
"Americold Whitchurch Ltd","americold.com"
"EY Lane4","ey.com"
"David Lloyd Leisure","davidlloyd.co.uk"
"Dubber","dubber.net"
"Stronachs","stronachs.com"
"Inciper","inciper.com"
"Mental Health Ireland","mentalhealthireland.ie"
"Wildstone","wildstone.co.uk"
"Enigma Securities","enigma-securities.io"
"Supporting Education Group","supportingeducation.com"
"Tangerine Ecomms","tangerineservices.com"
"National Botanic Garden of Wales","botanicgarden.wales"
"Exceptional Care","exceptional-care.co.uk"
"Kuda","kuda.com"
"Escatec Electronics SDN BHD","escatec.com"
"JYSK Iceland","rumfatalagerinn.is"
"Beds & Bars","bedsandbars.com"
"Africa Enterprise Challenge Fund","aecfafrica.org"
"Narrative Entertainment","narrative.com"
"Strix (China) Limited","strix.com"
"Colorifix","colorifix.com"
"Rimac Automobili","rimac-automobili.com"
"Penny Petroleum","pennypetroleum.com"
"Capital Home Loans Ltd","chlmortgages.co.uk"
"Global Innovation Fund","globalinnovation.fund"
"Sanome","sanome.com"
"RMG (Recruitment Management Group)","rmg-uk.com"
"Lincolnshire Partnership NHS Foundation Trust","nhs.uk"
"EP Barrus","barrus.co.uk"
"flinder","flinder.co"
"Alliance Healthcare Deutschland GmbH","alliance-healthcare.de"
"St Luke's Cheshire Hospice","slhospice.co.uk"
"AngloGold Ashanti","anglogoldashanti.com"
"HARRI TECHNOLOGIES (UK) LIMITED","harri.com"
"holmes&marchant","holmesandmarchant.com"
"The Prince & Princess of Wales Hospice","ppwh.org.uk"
"JYSK Canada","jysk.ca"
"Military Wives Choirs","militarywiveschoirs.org"
"Mmr homecare ltd","mmrhomecare.co.uk"
"American Health Care Academy","cpraedcourse.com"
"Calderdale and Huddersfield NHS Foundation Trust","nhs.uk"
"Intellias Inc","intellias.net"
"TritonExec","tritonexec.com"
"Keyloop","keyloop.com"
"3P Innovation","3pinnovation.com"
"Swansea University","swansea.ac.uk"
"Caljan","caljan.com"
"Auratus Services Ltd","auratus.co.uk"
"National Anti-Fraud Network","nafn.gov.uk"
"Specsavers","specsavers.com"
"Eversheds Sutherland","eversheds-sutherland.com"
"Reverse Logistics Group","rev-log.com"
"ADVANCED SUPPLY CHAIN GROUP LIMITED","advancedsupplychain.com"
"Warwickshire County Council","warwickshire.gov.uk"
"FDM Group","fdmgroup.com"
"Target","target.com"
"Walsall Healthcare NHS Trust","walsallhealthcare.nhs.uk"
"Pertemps Recruitment Partnership Ltd","pertemps.co.uk"
"Arriva Rail London","arrivaraillondon.co.uk"
"Sheffield City Council","sheffield.gov.uk"
"Worcestershire County Council","worcestershire.gov.uk"
"Bruntwood","bruntwood.co.uk"
"Whittard of Chelsea","whittard.co.uk"
"Waltham Forest College","waltham.ac.uk"
"Iceland","iceland.co.uk"
"NHBC","nhbc.co.uk"
"Boots UK","boots.com"
"The Police and Crime Commissioner for Gwent","surrey-pcc.gov.uk"
"phs Group","phs.co.uk"
"Scottish Power","scottishpower.com"
"AstraZeneca","astrazeneca.com"
"University of Liverpool","liverpool.ac.uk"
"Gardiner & Theobald LLP","gardiner.com"
"Portsmouth City Council","portsmouthcc.gov.uk"
"Avon and Wiltshire Mental Health Partnership NHS Trust","awp.nhs.uk"
"Coventry Building Society","coventrycareers.co.uk"
"East Sussex County Council","eastsussex.gov.uk"
"Principality Building Society","principality.co.uk"
"Staffordshire Police","staffordshire.police.uk"
"Barclays","home.barclays"
"Yorkshire Housing","yorkshirehousing.co.uk"
"West Mercia Police","westmercia.police.uk"
"Strix Group plc","strixplc.com"
"innocent Limited","innocentdrinks.co.uk"
"Francis Clark LLP","pkf-francisclark.co.uk"
"Manchester United","manutd.com"
"The Royal Orthopaedic Hospital NHS Foundation Trust","roh.nhs.uk"
"Nesta","nesta.org.uk"
"Caer Health Services - Occupational Health","caerhealth.co.uk"
"Smile Together Dental CIC","smiletogether.co.uk"
"Robert Irving Burns","rib.co.uk"
"The Isle of Man Government","isleofman.com"
"Crown Aspinalls","crownlondonaspinalls.com"
"Crisis","crisis.org.uk"
"QA Ltd","qa.com"
"WRAP","wrap.org.uk"
"Huntingdonshire District Council","huntingdonshire.gov.uk"
"Sevenoaks District Council","sevenoaks.gov.uk"
"Berkeley Group Plc","berkeleygroup.co.uk"
"Personal Group","personalgroup.com"
"Day Group Ltd","daygroup.co.uk"
"Well Pharmacy","well.co.uk"
"The Crown Estate","thecrownestate.co.uk"
"Rathbone Brothers Plc","rathbones.com"
"Humankind Charity","humankindcharity.org.uk"
"Dobbies Garden Centres","dobbies.com"
"ITPS","itps.co.uk"
"Muddy Boots Software","muddyboots.com"
"Three Sixty Water Ltd","threesixty.company"
"Charles Russell Speechlys","charlesrussellspeechlys.com"
"West Midlands Trains","wmr.uk"
"Intelliflo","intelliflo.com"
"Robert Dyas","robertdyas.co.uk"
"Yodel (Yodel Delivery Network Ltd)","yodel.co.uk"
"JTI UK","jti.com"
"Salisbury NHS Foundation Trust","salisbury.nhs.uk"
"Alzheimer's Research UK","alzheimersresearchuk.org"
"Gray Healthcare","grayhealthcare.com"
"BAE Systems Applied Intelligence","baesystems.com"
"HCT Group","hctgroup.org"
"Novuna","hitachicapital.co.uk"
"Boden","boden.co.uk"
"Lancashire Constabulary","lancashire.police.uk"
"Smile Brands Inc.","smilebrands.com"
"COPA90 LIMITED","bigballsfilms.com"
"XE.com","xe.com"
"Wirex Limited","wirexapp.com"
"Porton Biopharma","portonbiopharma.com"
"Milestones Trust","milestonestrust.org.uk"
"The Marketing Practice","themarketingpractice.com"
"Howdens Joinery Co","howdenjoinerygroupplc.com"
"ARGYLL & BUTE THIRD SECTOR INTERFACE","argylltsi.org"
"Winfibre UK Company Limited","winfibreuk.com"
"Six Town Housing","sixtownhousing.org"
"Saffery Champness","saffery.com"
"Kirklees Metropolitan Council","kirklees.gov.uk"
"Buzzworks Holdings","buzzworksholdings.com"
"Gamma","gamma.co.uk"
"Ordnance Survey","os.uk"
"Wates Group","wates.co.uk"
"Encore Care Homes","encorecarehomes.co.uk"
"Tate & Lyle","tateandlyle.com"
"MBDA","mbda-systems.com"
"AWE","awe.co.uk"
"Aspire Housing","aspirehousing.co.uk"
"Peabody Trust","peabody.org.uk"
"Capquest Group Ltd/ Arrow Global","capquest.co.uk"
"Community Housing","communityhg.com"
"Cambridge University Press","cambridge.org"
"Zego","zego.com"
"Arts Council England","artscouncil.org.uk"
"Buzz Bingo","buzzbingo.com"
"Premier Foods","premierfoods.co.uk"
"Holland & Barrett","hollandandbarrett.jobs"
"Valtech","valtech.com"
"Gloucestershire Constabulary","gloucestershire.pnn.police.uk"
"ATPI","atpi.com"
"Pilgrim's UK","pilgrimsuk.com"
"McLaren Automotive Ltd","mclaren.com"
"UKHSA formerly Public Health England","gov.uk"
"Leonard Cheshire","leonardcheshire.org"
"DST Financial Services ( formerly IFDS)","dstfinancialservices.com"
"Aztec Group","aztecgroup.co.uk"
"Travis Perkins plc","tpplccareers.co.uk"
"The Queen Elizabeth Hospital, King's Lynn. NHS Foundation Trust","qehkl.nhs.uk"
"Travelodge Hotels Limited","travelodge.co.uk"
"Standard Motor Products Europe Ltd","smpeurope.co.uk"
"Leeds Building Society","leedsbuildingsociety.co.uk"
"British Airways","ba.com"
"The Guide Dogs for the Blind Association","guidedogs.org.uk"
"GREENHALGH'S CRAFT BAKERY LIMITED","greenhalghs.com"
"William Grant & Sons","williamgrant.com"
"The AA","theaa.com"
"University Hospitals Bristol and Weston NHS Foundation Trust","uhbristol.nhs.uk"
"Together Housing Group","togetherhousing.group"
"Ipsos MORI","ipsos-mori.com"
"Maritime New Zealand","maritimenz.govt.nz"
"Local Government Association","local.gov.uk"
"The Hillingdon Hospitals NHS Foundation Trust","thh.nhs.uk"
"The Peel Group","peel.co.uk"
"Cineworld Group Plc","cineworldplc.com"
"Weetabix","weetabixfoodcompany.co.uk"
"Weightmans","weightmans.com"
"United Utilities","unitedutilities.com"
"Sulzer","sulzer.com"
"Inchcape Shipping Services","iss-shipping.com"
"Bryan Cave Leighton Paisner LLP","bclplaw.com"
"United Response","unitedresponse.org.uk"
"Tracerco Ltd","tracerco.com"
"McKesson","mckesson.com"
"Marie Curie Cancer Care","mariecurie.org.uk"
"Mercedes Benz Grand Prix Ltd","mercedesamgf1.com"
"Currency Solutions","currencysolutions.co.uk"
"Bristow & Sutor","bristowsutor.co.uk"
"Simmons Gainsford Group","sgllp.co.uk"
"Toyota (GB) plc","toyota.co.uk"
"Guernsey Electricity","electricity.gg"
"North Bristol NHS Trust","nbt.nhs.uk"
"West Bromwich Building Society","westbrom.co.uk"
"London Borough of Ealing","camden.gov.uk"
"Panaseer","panaseer.com"
"LMAX Group","lmax.com"
"A.P. Moller - Maersk","maersk.com"
"Certitude","certitude.london"
"Sanofi","sanofi.com"
"Yorkshire Water","yorkshirewater.com"
"Getinge","getinge.com"
"Yorkshire Building Society","bit.ly"
"Lyreco UK and Ireland","lyreco.co.uk"
"Care UK","careuk.com"
"Shaw Trust","shaw-trust.org.uk"
"Quarriers","quarriers.org.uk"
"Roschier, Attorneys Ltd.","roschier.com"
"Lincolnshire County Council","lincolnshire.gov.uk"
"Ryder","europe.ryder.com"
"Bupa","bupa.com.sa"
"Clackmannanshire Council","clacks.gov.uk"
"WHSmith","whsmithcareers.co.uk"
"Surrey County Council","surreycc.gov.uk"
"Liberata UK Ltd","liberata.com"
"Keyrus","keyrus.com"
"CORE IMS LTD","coreims.co.uk"
"Slingshot Simulations Ltd","slingshotsimulations.co.uk"
"ASK4 Ltd","ask4.com"
"Burns Pet Nutrition","burnspet.co.uk"
"Bromley, Lewisham & Greenwich Mind","blgmind.org.uk"
"NHS Professionals","nhsprofessionals.nhs.uk"
"Event Concept","eventconcept.co.uk"
"Isle of Harris Distillers Ltd.","harrisdistillery.com"
"Navisite","navisite.com"
"Vespasian Security","vespasiansecurity.co.uk"
"AFI group of companies","afi-group.co.uk"
"Spratt Endicott Solicitors","se-law.co.uk"
"Complete Business Solutions Group Ltd","complete.co.uk"
"Coveris Group","coveris.com"
"Thames Academy","thamesurban.com.ar"
"The Best Connection","thebestconnection.co.uk"
"MTC","mtcgroup.org.uk"
"Simplify","simplify.co.uk"
"Kestrel Engineering Services Ltd","kes-eng.com"
"Jet Concierge Club","jetconcierge.co.uk"
"Historic Royal Palaces","hrp.org.uk"
"dunnhumby","dunnhumby.com"
"Barts Charity","bartscharity.org.uk"
"Autofutura Limited","autofutura.com"
"FIGO","figo.org"
"Totalmobile Ltd","totalmobile.co.uk"
"North Lincolnshire Council","northlincs.gov.uk"
"Next Ventures","next-ventures.com"
"Wood","woodplc.com"
"Ryobi Aluminium Casting (UK) Ltd","ryobi.co.uk"
"Goodbody","goodbody.ie"
"RICS","rics.org"
"Mansfield District Council","mansfield.gov.uk"
"Institution of Railway Signal Engineers","irse.org"
"SEED ENVIRONMENTAL LIMITED","seedenvironmental.co.uk"
"Boyes Turner","boyesturner.com"
"MAN Truck & Bus UK Limited","man.eu"
"Module-AR Ltd T/A M-AR Ltd","m-ar.co.uk"
"Fenix International","fenixintl.com"
"Nexus FrontierTech","nexusfrontier.tech"
"The Floow Limited","thefloow.com"
"Hodge","hodgebank.co.uk"
"Lane 4 Management Group Limited","ey.com"
"Scott Bader Co. Ltd","scottbader.com"
"Genesis Emerging Markets Fund","giml.co.uk"
"Frontier Developments","frontier.co.uk"
"Ladbrokes Coral","entaincareers.com"
"Universities Superannuation Scheme (Ltd)","uss.co.uk"
"GingerMay","teamgingermay.com"
"Deluxe","deluxe.com"
"Verifile Limited","verifile.co.uk"
"Gleeds","gleeds.com"
"Bristol Water plc","bristolwater.co.uk"
"CAMBRIAN ELECTRICAL LIMITED","cambrian-electrical.com"
"Turner & Townsend","turner.com"
"Barloworld Limited","barloworld.com"
"Fairfield Independent Hospital","fairfield.org.uk"
"Identity Consult","identityconsult.co.uk"
"Westport Woods Hotel","westportwoodshotel.com"
"Vanquis Bank","vanquiscareers.co.uk"
"Soho Housing Association","sohoha.org.uk"
"McLean HR","mcleanhr.co.uk"
"JCB International Credit Card Co., Ltd. (USA)","jcbusa.com"
"Guild Living","guildliving.com"
"Verse","verse.co.uk"
"Birketts LLP","birketts.co.uk"
"Cyril Flint Befrienders Charity","cyrilflint.org"
"Guoman & Thistle Hotels","guoman.com"
"Mimram Site Services Limited","mimramservices.com"
"Disperse","disperse.io"
"Webmart","webmartuk.com"
"Menzies Aviation","menziesaviation.com"
"Companies House","companieshouse.gov.uk"
"Tata Global Beverages","linkedin.com"
"Maine Surface Finishing","mainegroup.co.uk"
"Inclusion North CIC","inclusionnorth.org"
"The Cotswold Group","thecotswoldgroup.co.uk"
"Air com global","aircomglobal.com"
"Hollywood Bowl Group Plc","hollywoodbowlgroup.com"
"Toyota Financial Services (UK) PLC","toyota.co.uk"
"South Dublin County Partnership","sdcpartnership.ie"
"Vianet Group plc","vianetplc.com"
"BMJ","bmj.com"
"IAM RoadSmart","iamroadsmart.com"
"Anritsu EMEA Ltd","anritsu.com"
"ARHAG Housing Association Ltd","arhag.co.uk"
"Lightship","lightship.com"
"Pexlify Enterprise Solutions","pexlify.com"
"Greencell Ltd","westfaliafruit.com"
"Synergy Technology Ltd","synergytechnology.co.uk"
"Maintenant","maintenant.org.uk"
"RKD Architects","rkd.ie"
"SN Accounts","snaccounts.co.uk"
"Bluefruit Software","bluefruit.co.uk"
"Worthing Mencap","worthingmencap.org"
"Energy UK","energy-uk.org.uk"
"Funding Options","fundingoptions.com"
"Hoo Dental Care","hoodentalcare.co.uk"
"Orlight","orlight.com"
"MYI Ltd","mclarens.com"
"Inland Homes","inlandhomes.co.uk"
"Manchester Life Management Limited","mcrlife.co.uk"
"McLaren Construction Group","mclarengroup.com"
"WITTENSTEIN Group","wittenstein.de"
"Syngenta","syngenta.com"
"YVA SOLICITORS LLP","yvasolicitors.com"
"Photobox","photobox.co.uk"
"Internews","internews.org"
"Surface Transforms PLC","surfacetransforms.com"
"Equal Lives","equallives.org"
"Pollinate","pollinate.co.uk"
"Harnham","harnham.com"
"Plus HR Limited","plushr.com"
"The Sanctuary Trust Limited","sanctuarytrust.org.uk"
"CHANEL","chanel.com"
"Map of Ag","mapofagriculture.com"
"Montagu Group Limited","montagu.com"
"Acclaim Limited","getacclaim.com"
"Royal Shakespeare Company","rsc.org.uk"
"South Wales Police: Heddlu De Cymru","south-wales.pnn.police.uk"
"Tribal Group","tribalgroup.com"
"Old Square Chambers","oldsquare.co.uk"
"Wireless Logic Ltd","wirelesslogic.com"
"essensys","essensys.tech"
"CFA Archaeology Limited","cfa-archaeology.co.uk"
"Mizkan Euro Partners Ltd","mizkan.co.uk"
"UHY Hacker Young","uhy-uk.com"
"Exizent Ltd","-"
"The EB Partnership","theebpartnership.co.uk"
"Cegedim Rx","cegedimrx.co.uk"
"Wealth Dynamix","wealth-dynamix.com"
"Matchtech Group Plc","matchtech.com"
"Cambridgeshire and Peterborough NHS Foundation Trust","cpft.nhs.uk"
"S-Thetics","-"
"Kefron","kefron.com"
"Chorley Group","chorleygroup.co.uk"
"Dover Street Market","doverstreetmarket.com"
"Aid to the Church in Need ( United Kingdom)","acnuk.org"
"Purplebricks","purplebricks.co.uk"
"Working Transitions","workingtransitions.com"
"Education Endowment Foundation (EEF)","educationendowmentfoundation.org.uk"
"Peek Vision","peekvision.org"
"Retail Insight","ri-team.com"
"Bangkok Bank","bangkokbank.com"
"S&G Response","sandgresponse.co.uk"
"Foulkes & Sons Ltd","-"
"Bytes Software Services","bytes.co.uk"
"Oury Clark","ouryclark.com"
"Washington Green Fine Art & Castle Galleries","castlefineart.com"
"Cawood Scientific","cawoodscientific.uk.com"
"JCW","jcwresourcing.com"
"Eurostar International Limited","-"
"Taylor Rose MW","taylor-rose.co.uk"
"healthcare rm","healthcare-rm.com"
"Vospers Motor House Ltd","vospers.com"
"Eva Health Technologies","evahealth.co.uk"
"Oxford University Press","oup.com"
"Moonpig.com Limited","moonpig.com"
"TCA FIRE PROTECTION & DRYLINING CONSULTANTS LIMITED","tca-uk.com"
"Mindray UK","mindrayuk.com"
"Open GI","opengi.co.uk"
"nGeneration Limited","ngeneration.co.uk"
"Third Republic - Recruitment Solutions for Digital Transformation","thirdrepublic.com"
"Valeo Management","valeostudent.com"
"The Mind Gym","themindgym.com"
"Cambridge Design Partnership","cambridgellp.com"
"MSSC (Marine Society & Sea Cadets)","ms-sc.org"
"The British Dietetic Association (BDA)","bda.uk.com"
"Clamason Industries Limited","clamason.com"
"Get Set UK","getsetuk.co.uk"
"BigChange","bigchange.com"
"Kier Group","kier.co.uk"
"BetVictor Ltd","betvictor.com"
"TJX US","tjx.com"
"goto.energy","goto.energy"
"Fenwick Elliott LLP","fenwickelliott.com"
"Signal agency Ltd","cellosignal.com"
"Healthwatch Nottingham & Nottinghamshire","hwnn.co.uk"
"CILEX","cilex.org.uk"
"Wilson Wraight","wilsonwraight.co.uk"
"Liverpool BID Company","liverpoolbidcompany.com"
"IrisGuard UK Ltd","irisguard.com"
"Morrisons Supermarkets","morrisons-corporate.com"
"RVM Fleet Risk ltd","rvmassist.co.uk"
"Pamela Steele Associates Ltd","pamsteele.co.uk"
"Boundary Visualisation Limited","the-boundary.com"
"Acora - Managed IT Services","acora.com"
"Stadium","wearestadium.com"
"Virgin","virgin.com"
"3B Training","3btraining.com"
"Parliamentary and Health Service Ombudsman","ombudsman.org.uk"
"Keoghs","keoghs.co.uk"
"Ecclesiastical Insurance Group","ecclesiastical.com"
"essiell.","essiell.com"
"Community Union","community-tu.org"
"Core Learning Services Ltd","corelearningservices.net"
"NEST Management Ltd","nestmanagement.co.uk"
"Tavistock and Portman NHS Trust.","tavistockandportman.nhs.uk"
"Wickes","wickes.co.uk"
"Silent Gliss Ltd. (GB)","silentgliss.co.uk"
"The Kite Factory","thekitefactorymedia.com"
"Tri Wonder Digital","triwonderdigital.co.uk"
"Roofglaze","roofglaze.co.uk"
"Pastest","pastest.com"
"HAGS Global","hags.com"
"Arum","arum.co.uk"
"Autino","autino.com"
"Kenwood Limited","kenwoodworld.com"
"Newton IT Holdings","newtonit.co.uk"
"Farrer & Co","farrer.co.uk"
"Amazon","amazon.com"
"JTI-Macdonald Corp.","jti.com"
"BrodexTrident","brodextrident.com"
"Kettle Foods UK","kettlefoods.co.uk"
"LMP Education","lmpeducation.org"
"Glasdon Group Limited","glasdon.com"
"Business in the Community Ireland / The Community Foundation for Ireland","bitc.ie"
"Kubota UK","kubota.co.uk"
"Real Group Ltd","realgroup.co.uk"
"Gaeltec Utilities Limited","gaeltecutilities.com"
"Rocket Medical","rocketmedical.com"
"Pendennis Shipyard Limited","pendennis.com"
"Rettie and Co","rettie.co.uk"
"International Schools Partnership","internationalschoolspartnership.com"
"Delamode Group","delamode-group.com"
"Tameside and Glossop Integrated Care NHS FT","tamesidehospital.nhs.uk"
"Milton Keynes University Hospital NHS Foundation Trust","mkuh.nhs.uk"
"Van Centre (West Yorkshire) Ltd","westyorkshire.vwcv.co.uk"
"Vantage Motor Group","vantagemotorgroup.co.uk"
"St Peter's Hospice, Bristol","stpetershospice.org"
"Health Data Research UK (HDR UK)","hdruk.ac.uk"
"Royal College of Veterinary Surgeons (RCVS)","rcvs.org.uk"
"Impact Care Services","impactcareservices.co.uk"
"Resource Solutions","resourcesolutions.com"
"Cransley Hospice","cransleyhospice.org.uk"
"Cubewise","cubewise.com"
"Chelsfield Mews Service Limited","chelsfield.com"
"Kendal Nutricare (Kendamil)","kendamil.com"
"Skechers USA, Inc.","skechers.com"
"JT International","jti.com"
"Open Blend Method Limited","openblend.com"
"Utilita Energy","utilita.co.uk"
"Grosvenor Services","grosvenorservices.com"
"Baywater Healthcare","baywater.co.uk"
"Darwin Group Ltd","darwingroupltd.co.uk"
"OSP Architecture","osparchitecture.com"
"DHG","dhg.nl"
"RATIONAL AG","rational-online.com"
"ready2order","ready2order.com"
"Thermo Fisher Scientific","thermofisher.com"
"Funding Circle UK","fundingcircle.com"
"Connected Consulting Limited","connectedconsulting.net"
"DNA Payments Group","dnapayments.com"
"CMC Partnership Global Ltd","cmcpartnership.com"
"Sandbanks Hotel Ltd","fjbhotels.co.uk"
"Worldwide Recruitment Solutions Ltd","worldwide-rs.com"
"RSK Group plc","rsk.co.uk"
"The Coconut Collaborative Ltd","coconutco.co.uk"
"Apleona HSG Facility Management UK","apleona.com"
"Sysco Environmental Limited","sysco-env.co.uk"
"Leathes Prior Solicitors","leathesprior.co.uk"
"Hinckley & Rugby Building Society","hrbs.co.uk"
"Air Quality","aqgroup.nl"
"WeissComm Partners Limited","realchemistry.com"
"CIM","cim.co.uk"
"University of Westminster","westminster.ac.uk"
"Hills Holdings Ltd","hills.com.au"
"Redrow","redrowplc.co.uk"
"Bicycle Therapeutics","bicycletherapeutics.com"
"Omnicom Media Group","phdmedia.com"
"Rolls Royce SMR","rolls-royce-smr.com"
"JYSK A/S","jysk.com"
"HallMark Veterinary & Compliance Services","hallmarkvcs.com"
"Togetherall","togetherall.com"
"Ganymede Solutions","ganymedesolutions.co.uk"
"Akeso & Company","akesoco.com"
"NS","werkenbijns.nl"
"Selectaglaze Ltd","selectaglaze.co.uk"
"Autocab","autocab.com"
"Miva, Inc.","miva.com"
"XPO Logistics Europe","xpo.com"
"Carbon Intelligence","carbon.ci"
"British Film Institute (BFI)","bfi.org.uk"
"Al Haya Medical","alhaya-medical.com"
"International Institute for Anti-Ageing","iiaa.eu"
"McCarthy Stone","mccarthyandstone.co.uk"
"Industrial Tool Supplies (London) Ltd","its.co.uk"
"Beatson Cancer Charity","beatsoncancercharity.org"
"Master Investor","masterinvestor.co.uk"
"HUG HUB","hughub.co.uk"
"Lanes For Drains (part of Lanes Group Plc)","lanesgroup.co.uk"
"Grafton Group plc","graftonplc.com"
"YMCA Bournemouth","ymcabournemouth.org.uk"
"WDP (Westminster Drug Project)","wdp.org.uk"
"University of Derby","derby.ac.uk"
"London Metropolitan University","londonmet.ac.uk"
"Shell Energy Retail","shellenergy.co.uk"
"Peverel","firstport.co.uk"
"We Are Pentagon Limited","wearepentagon.com"
"Briggs and Stone Limited","briggsandstone.co.uk"
"Gatekeeper","gatekeeperhq.com"
"MAX Burgers","max.se"
"Merthyr Tydfil County Borough Council","merthyr.gov.uk"
"HM Revenue & Customs","gov.uk"
"BCHA","bcha.org.uk"
"akt.io","akt.io"
"Dutton Gregory Solicitors","duttongregory.co.uk"
"Talon Outdoor","talonoutdoor.com"
"Boohoo Group PLC","boohooplc.com"
"Sutton and East Surrey Water Plc","seswater.co.uk"
"PBS by Ponticelli","pbs-offshore.com"
"Cardiff Community Housing Association","ccha.org.uk"
"Company Shop Group","companyshop.ltd.uk"
"Laica Spa","laica.eu"
"Orbia","orbia.com"
"Fazer Finland Oy","fazer.com"
"FILE FOUNDATION","foundation.co.uk"
"Project 6","project6.org.uk"
"Angel Trains","angeltrains.co.uk"
"Arts Council of Wales","artswales.org.uk"
"Deutsche Post","deutschepost.de"
"Network Rail","networkrail.co.uk"
"Boehringer Ingelheim","boehringer-ingelheim.com"
"Acosta Europe","acosta-europe.com"
"Girls Friendly Society","girlsfriendlysociety.org.uk"
"RiverStone Group LTD","rsml.co.uk"
"The White House ( Curdridge ) Ltd","thewhitehousecurdridge.co.uk"
"Candesic","candesic.com"
"FM Conway Ltd","fmconway.co.uk"
"Hazlewoods","hazlewoods.co.uk"
"Bradford College","bradfordcollege.ac.uk"
"University of London Worldwide","qmul.ac.uk"
"Calisen","calisen.com"
"Alliance Healthcare","alliance-healthcare.com"
"Ambassador Theatre Group","atg.co.uk"
"McGrath Estate Agents","mcgrath.com.au"
"Alstom","alstom.com"
"Blind Veterans UK","blindveterans.org.uk"
"Highways England","highwaysengland.co.uk"
"Natural History Museum","nhm.ac.uk"
"REAL Fundraising.","realfundraising.org"
"University of Wolverhampton","wlv.ac.uk"
"Waterstones","waterstones.com"
"John Lewis & Partners","jlpjobs.com"
"JD Sports Fashion plc","jdplc.com"
"Rendall and Rittner Operations Ltd","rendallandrittner.co.uk"
"Karanovic & Partners","karanovicpartners.com"
"Birmingham and Solihull Mental Health NHS Foundation Trust","bsmhft.nhs.uk"
"betPawa","pawaplay.com"
"Nurseline Healthcare","nurselinehealthcare.com"
"Zenzic","zenzic.io"
"East Kent Hospitals University NHS Foundation Trust","ekhuft.nhs.uk"
"Imperial Health Charity","imperialcharity.org.uk"
"Lakeside School","lakeside.herts.sch.uk"
"Forward Emphasis International Limited","forwardemphasis.ie"
"DCS Group (UK) Ltd","dcsgroup.com"
"VQ Solutions Ltd","vqsolutions.co.uk"
"RSPCA","rspca.org.uk"
"Transport for London","tfl.gov.uk"
"YMCA MILTON KEYNES & NORTHAMPTONSHIRE","mkymca.com"
"Greenwich Council","royalgreenwich.gov.uk"
"Ballards LLP","ballardsllp.com"
"Telcom","group.telcom.uk"
"Mathys & Squire LLP","mathys-squire.com"
"Seddons","seddons.co.uk"
"Teaching 4 Business (We Teach You)","weteachyou.co.uk"
"Pedigree Wholesale Limited","petproducts.co.uk"
"Moorfields Eye Hospital, London","moorfields.nhs.uk"
"Nasstar","nasstar.com"
"Foxtons","foxtons.co.uk"
"Halesowen College","halesowen.ac.uk"
"Horwich Cohen Coghlan (HCC)","hccsolicitors.com"
"Princes Limited","princesgroup.com"
"St Monica Trust","stmonicatrust.org.uk"
"Gaby Hardwicke Solicitors","gabyhardwicke.co.uk"
"Wiltshire Health and Care","wiltshirehealthandcare.nhs.uk"
"Mid and South Essex NHS Foundation Trust","mse.nhs.uk"
"Novotek UK & Ireland Ltd","novotek.co.uk"
"Great Yarmouth Borough Council","great-yarmouth.gov.uk"
"Vardags","vardags.com"
"Sports Connection ApS | SKECHERS","sportsconnection.dk"
"AMRA Medical","amramedical.com"
"HM Land Registry","land-search-online.co.uk"
"Nottingham City Homes","nottinghamcityhomes.org.uk"
"reMarkable","remarkable.com"
"JN Bentley Ltd","jnbentley.co.uk"
"G&J Distillers Ltd","quintessentialbrands.com"
"RSPCA Central London Branch","rspca.org.uk"
"Bernicia Group","bernicia.com"
"Hyde Group Limited","hyde-housing.co.uk"
"British Heart Foundation","bhf.org.uk"
"Mitie","mitie.com"
"RHB Bank","rhbgroup.com"
"Provident Financial PLC","providentfinancial.com"
"Dorset Police","dorset.police.uk"
"Recycling Lives Ltd","recyclinglives.com"
"Gateway Housing Association","gatewayhousing.org.uk"
"Nine Dots Development Limited","ninedotsdevelopment.com"
"British Horse Society (The)","bhs.org.uk"
"Sturrock and Robson Services Ltd","sturrockandrobson.com"
"ACT Clean","act-clean.com"
"Consultiv Utilities Ltd","consultivutilities.com"
"Naylor Industries Plc","naylor.co.uk"
"NavInfo Europe B.V.","navinfo.eu"
"Loupedeck","loupedeck.com"
"Miele GB","miele.co.uk"
"British Transport Police","btp.police.uk"
"Lloyds Banking Group","lloydsbankinggroup.com"
"Humres Recruitment Limited","humres.co.uk"
"Charity Commission","charitycommission.gov.uk"
"Lothian Buses","lothianbuses.com"
"Avison Young","avisonyoung.com"
"Social Interest Group","socialinterestgroup.org.uk"
"Van Elle","van-elle.co.uk"
"Wilkinson Hardware Stores Limited","wilko.co.uk"
"Carr Gomm","carrgomm.org"
"Gravitas Recruitment Group (UK) Ltd","gravitasrecruitmentgroup.com"
"Wilton Engineering","wiltonengineering.co.uk"
"Lead Forensics","leadforensics.com"
"Haydon School","haydonschool.com"
"Colten Care","coltencare.co.uk"
"OneFamily","onefamily.com"
"Southeastern Railway","southeasternrailway.co.uk"
"BESTSELLER","bestseller.com"
"David Phillips","davidphillips.com"
"Bell Microsystems Limited","bell.ca"
"Ikon Science","ikonscience.com"
"Exponential-e","exponential-e.com"
"Achieve together","achievetogether.co.uk"
"VCCP","vccp.com"
"The Donkey Sanctuary","thedonkeysanctuary.org.uk"
"Activate Learning","activatelearning.ac.uk"
"Belfast Metropolitan College","belfastmet.ac.uk"
"Chemring Countermeasures","chemringcm.com"
"National Housing Federation","housing.org.uk"
"Apprentify","apprentify.com"
"BHSF","bhsf.co.uk"
"Harrow Council","harrow.gov.uk"
"Vysus Group","vysusgroup.com"
"Aspens Services Ltd","aspens-services.com"
"ReDiscover","rediscovermh.org"
"Myerscough College","myerscough.ac.uk"
"JDX Consulting","jdxconsulting.com"
"Walkers","walkersglobal.com"
"Teagasc","teagasc.ie"
"Blackpool Council","blackpool.gov.uk"
"Help for Heroes","helpforheroes.org.uk"
"Portman Healthcare Limited","portmanhealthcare.co.uk"
"AccorHotels"
"Wesser Limited","wesser.co.uk"
"Maximus UK","maximusuk.co.uk"
"Hotter Shoes","hotter.com"
"Hilton London Bankside"
"Kepak Foods Group","kepak.com"
"Stroke Association","stroke.org.uk"
"NABS"
"TerraQuest","terraquest.co.uk"
"RAD Hotel Group","radhotelgroup.com"
"Exigent Group Limited","exigent-group.com"
"Corona Energy","coronaenergy.co.uk"
"Friends of the Earth","friendsoftheearth.uk"
"Connect Health","connecthealth.co.uk"
"JLA Group","jla.com"
"Leightons Opticians and Hearing Care","leightons.co.uk"
"Wasabi Sushi & Bento","wasabi.uk.com"
"Just Mortgages","justmortgages.co.uk"
"Yolk Recruitment Ltd","yolkrecruitment.com"
"Hales Group","halesgroup.co.uk"
"Unite Students","unitestudents.com"
"The BBI Group","the-bbigroup.com"
"Healthspan","healthspan.co.uk"
"VictoriaPlum.com","victoriaplum.com"
"The Health and Care Professions Council","hcpc-uk.org"
"ACT Training","acttraining.org.uk"
"ESP Global Services","esp.co.uk"
"Five Rivers Child Care","five-rivers.org"
"Exchange Data International","exchange-data.com"
"BNP Paribas Leasing Solutions","group.bnpparibas"
"calfordseaden LLP","calfordseaden.com"
"BDO UK LLP","bdo.co.uk"
"Markerstudy Insurance","markerstudy.com"
"ITOCHU Europe PLC","itochu.com"
"Tullow Group Services Ltd","tullowoil.com"
"Whitbread","whitbreadcareers.com"
"Arthur J. Gallagher Services (UK) Limited","ajg.com"
"Centrepoint","centrepoint.org.uk"
"Crimtan - Intelligent Lifecycle Marketing","crimtan.com"
"Oil Firing Technical Association Ltd","oftec.org"
"Leigh Day","leighday.co.uk"
"CIL Management Consultants","cil.com"
"SimplyBiz","simplybiz.co.uk"
"Diamond Light Source","diamond.ac.uk"
"iomart","iomart.com"
"Instinctif Partners","instinctif.com"
"Elior France","elior.fr"
"ABP Food Group","abpfoodgroup.com"
"The Combined Services Provider Limited","gotocsp.com"
"Oak Furniture Land","oakfurnitureland.co.uk"
"Anthony Nolan","anthonynolan.org"
"IFF Research","iffresearch.com"
"Mytime Active","mytimeactive.co.uk"
"CK Group","ckgroup.co.uk"
"Everton Football Club","evertonfc.com"
"Celtic Manor Resort","celtic-manor.com"
"Open Society Foundations","opensocietyfoundations.org"
"Ultimate Finance Group Limited","ultimatefinance.co.uk"
"CTDI","ctdi.com"
"Aston Martin Lagonda Ltd","astonmartin.com"
"Cardinal Road Nursery and Infant School","st-stephens.richmond.sch.uk"
"Camellia Plc","camellia.plc.uk"
"NextLink Group","next-link.ch"
"Erskine Veterans Charity","erskine.org.uk"
"Charles & Dean","charlesanddean.com"
"Mason Hayes & Curran LLP","mhc.ie"
"Brooks Macdonald","brooksmacdonald.com"
"Hastoe Group","hastoe.com"
"SeeAbility","seeability.org"
"Pluss"
"Interactive Investor","ii.co.uk"
"Ideagen Plc","ideagen.com"
"Sills & Betteridge Solicitors LLP","sillslegal.co.uk"
"7digital","7digital.com"
"Together Trust","togethertrust.org.uk"
"Ferrovial Construction","ferrovial.com"
"CCX","ccxmedia.org"
"Toolstation France","toolstation.fr"
"Sonovate","sonovate.com"
"National Composites Centre","nccuk.com"
"Solicitors Regulation Authority","sra.org.uk"
"CIPD","cipd.co.uk"
"Local Pensions Partnership","lppi.co.uk"
"Principle","principleglobal.com"
"Pilot Group Ltd","thepilotgroup.co.uk"
"Gousto","gousto.co.uk"
"ENGIE","engie.com"
"Vertas Group Limited","vertas.co.uk"
"Norse Group Limited","-"
"J & E Hall International","jehall.co.uk"
"The British Psychological Society","bps.org.uk"
"The Carbon Trust","carbontrust.com"
"Mercedes AMG High Performance Powertrains","mercedes-amg-hpp.com"
"Historic England","historicengland.org.uk"
"Churchill Retirement Living","churchillretirement.co.uk"
"RMD Kwikform","rmdkwikform.com"
"Livv Housing Group","livvhousinggroup.com"
"Church Mission Society","churchmissionsociety.org"
"Rotork","rotork.com"
"Qube Learning","qube-learning.co.uk"
"Horder Healthcare","horderhealthcare.co.uk"
"IGD","igd.com"
"Newton Europe","newtoneurope.com"
"Business Stream","business-stream.co.uk"
"Reward Gateway","rewardgateway.com"
"Threadneedle Software Limited","solidatus.com"
